<?xml version="1.0" encoding="UTF-8"?>
<gelCAN:risk-factor-assessments xmlns:html="http://www.w3.org/1999/xhtml"
 xmlns:vc="http://www.w3.org/2007/XMLSchema-versioning"
 xmlns:gelCAN="https://genomicsengland.co.uk/xsd/cancer/3.1.2"
 xmlns:xsi="http://www.w3.org/2001/XMLSchema-instance">
    <gelCAN:metadata>
        <gelCAN:schema-name>RiskFactorAssessmentsCancer</gelCAN:schema-name>
        <gelCAN:schema-version>3.1.2</gelCAN:schema-version>
        <gelCAN:date-time>2006-05-04T18:13:51.0</gelCAN:date-time>
        <gelCAN:source-organisation>source-organisation0</gelCAN:source-organisation>
        <gelCAN:source-system>source-system0</gelCAN:source-system>
        <gelCAN:local-report-id>local-report-id0</gelCAN:local-report-id>
    </gelCAN:metadata>
    <gelCAN:subject>
        <gelCAN:participant-identifiers>
            <gelCAN:person-identifier>
                <gelCAN:health-and-care-number>0000000000</gelCAN:health-and-care-number>
            </gelCAN:person-identifier>
            <gelCAN:participant-id>900000017</gelCAN:participant-id>
            <gelCAN:date-of-birth>1980-05-04</gelCAN:date-of-birth>
            <gelCAN:surname>bloggs</gelCAN:surname>
            <gelCAN:forenames>joanna</gelCAN:forenames>
        </gelCAN:participant-identifiers>
        <gelCAN:general-risk-factors>
            <gelCAN:event-details>
                <gelCAN:event-date>2006-05-04T18:13:51.0</gelCAN:event-date>
                <gelCAN:event-reference>event-refereadsadsadsdsaadsnce0</gelCAN:event-reference>
            </gelCAN:event-details>
            <gelCAN:smoking>1</gelCAN:smoking>
            <gelCAN:alcohol-consumption>50</gelCAN:alcohol-consumption>
            <gelCAN:height>1.65</gelCAN:height>
            <gelCAN:weight>70.0</gelCAN:weight>
        </gelCAN:general-risk-factors>
        <gelCAN:cancer-specific-risk-factors>
            <gelCAN:event-details>
                <gelCAN:event-date>2006-05-04T18:13:51.0</gelCAN:event-date>
                <gelCAN:event-reference>event-reference2</gelCAN:event-reference>
            </gelCAN:event-details>
            <gelCAN:risk-factors>
                <gelCAN:risk-factors-for-breast-cancer>
                    <gelCAN:age-of-menarche>11</gelCAN:age-of-menarche>
                    <gelCAN:duration-of-ocp>5</gelCAN:duration-of-ocp>
                    <gelCAN:duration-of-hrt>0</gelCAN:duration-of-hrt>
                    <gelCAN:number-of-pregnancies>1</gelCAN:number-of-pregnancies>
                </gelCAN:risk-factors-for-breast-cancer>
            </gelCAN:risk-factors>
        </gelCAN:cancer-specific-risk-factors>
      </gelCAN:subject>
</gelCAN:risk-factor-assessments>
