<?xml version="1.0" encoding="UTF-8"?>
<gelCAN:registration-and-consents xmlns:html="http://www.w3.org/1999/xhtml"
 xmlns:vc="http://www.w3.org/2007/XMLSchema-versioning"
 xmlns:gelCAN="https://genomicsengland.co.uk/xsd/cancer/3.1.2"
 xmlns:xsi="http://www.w3.org/2001/XMLSchema-instance">
    <gelCAN:metadata>
        <gelCAN:schema-name>RegistrationAndConsentsCancer</gelCAN:schema-name>
        <gelCAN:schema-version>3.1.2</gelCAN:schema-version>
        <gelCAN:date-time>2006-05-04T18:13:51.0</gelCAN:date-time>
        <gelCAN:source-organisation>source-organisation0</gelCAN:source-organisation>
        <gelCAN:source-system>GENIE</gelCAN:source-system>
        <gelCAN:local-report-id>local-report-id0</gelCAN:local-report-id>
    </gelCAN:metadata>
    <gelCAN:subject>
        <gelCAN:participant-identifiers>
            <gelCAN:person-identifier>
                <gelCAN:nhs-number>0000000000</gelCAN:nhs-number>
            </gelCAN:person-identifier>
            <gelCAN:participant-id>900000017</gelCAN:participant-id>
            <gelCAN:date-of-birth>1976-05-04</gelCAN:date-of-birth>
            <gelCAN:surname>bloggs</gelCAN:surname>
            <gelCAN:forenames>joanna</gelCAN:forenames>
        </gelCAN:participant-identifiers>
        <gelCAN:registration>
            <gelCAN:event-details>
                <gelCAN:event-date>2006-05-04T18:13:51.0</gelCAN:event-date>
                <gelCAN:event-reference>event-reference0</gelCAN:event-reference>
            </gelCAN:event-details>
            <gelCAN:participant-contact-details>
                <gelCAN:participant-email-address>xxx@xxx.com</gelCAN:participant-email-address>
                <gelCAN:participant-home-telephone>+440000000000</gelCAN:participant-home-telephone>
                <gelCAN:participant-mobile-telephone>07847563720</gelCAN:participant-mobile-telephone>
                <gelCAN:address-line-1>sadsdaf1</gelCAN:address-line-1>
                <gelCAN:address-line-2>asdasd</gelCAN:address-line-2>
                <gelCAN:address-line-3>00 asdfasd</gelCAN:address-line-3>
                <gelCAN:address-line-4>00</gelCAN:address-line-4>
                <gelCAN:address-line-5>00</gelCAN:address-line-5>
                <gelCAN:postcode>GIR0AA</gelCAN:postcode>
            </gelCAN:participant-contact-details>
            <gelCAN:disease-information-tumour-sample>
                <gelCAN:disease-type>breast</gelCAN:disease-type>
                <gelCAN:disease-subtype>ductal</gelCAN:disease-subtype>
            </gelCAN:disease-information-tumour-sample>
            <gelCAN:consultant-details>
                <gelCAN:full-name-of-responsible-consultant>john smith</gelCAN:full-name-of-responsible-consultant>
                <gelCAN:consultant-gmc-number>1213145</gelCAN:consultant-gmc-number>
                <gelCAN:contact-number>+440000000000</gelCAN:contact-number>
                <gelCAN:hospital-of-responsible-consultant>00000</gelCAN:hospital-of-responsible-consultant>
            </gelCAN:consultant-details>
            <gelCAN:person-stated-gender>1</gelCAN:person-stated-gender>
            <gelCAN:person-phenotypic-sex>1</gelCAN:person-phenotypic-sex>
            <gelCAN:ethnicity>D</gelCAN:ethnicity>
            <gelCAN:recruiting-trust-id>DEMOTRUST</gelCAN:recruiting-trust-id>
            <gelCAN:clinical-trial-number>ISRCTN00000000</gelCAN:clinical-trial-number>
            <gelCAN:clinical-trial-number>ISRCTN00000001</gelCAN:clinical-trial-number>
        </gelCAN:registration>
        <gelCAN:consent>
            <gelCAN:event-details>
                <gelCAN:event-date>2006-05-04T18:13:51.0</gelCAN:event-date>
                <gelCAN:event-reference>event-reference342332cdassd1</gelCAN:event-reference>
            </gelCAN:event-details>
            <gelCAN:consent-details>
                <gelCAN:health-related-additional-findings>yes</gelCAN:health-related-additional-findings>
                <gelCAN:reproductive-additional-findings>yes</gelCAN:reproductive-additional-findings>
            </gelCAN:consent-details>
            <gelCAN:name-and-version-of-consent-form>c1</gelCAN:name-and-version-of-consent-form>
            <gelCAN:consent-given>yes</gelCAN:consent-given>
            <gelCAN:consent-form>900000017_consent_1476191621.pdf</gelCAN:consent-form>
            <gelCAN:person-taking-consent>bob jenkins</gelCAN:person-taking-consent>
            <gelCAN:name-and-version-of-participant-information-sheet>c1_pis</gelCAN:name-and-version-of-participant-information-sheet>
            <gelCAN:name-and-version-of-assent-form>c3_c4</gelCAN:name-and-version-of-assent-form>
            <gelCAN:assent-form>900000017_assent_1476191621.pdf</gelCAN:assent-form>
            <gelCAN:additional-optional-consent-materials>c3_pis</gelCAN:additional-optional-consent-materials>
        </gelCAN:consent>
    </gelCAN:subject>
</gelCAN:registration-and-consents>
