<?xml version="1.0" encoding="UTF-8"?>
<gelCAN:interventions xmlns:html="http://www.w3.org/1999/xhtml"
 xmlns:vc="http://www.w3.org/2007/XMLSchema-versioning"
 xmlns:gelCAN="https://genomicsengland.co.uk/xsd/cancer/3.1.2"
 xmlns:xsi="http://www.w3.org/2001/XMLSchema-instance">
    <gelCAN:metadata>
        <gelCAN:schema-name>InterventionsCancer</gelCAN:schema-name>
        <gelCAN:schema-version>3.1.2</gelCAN:schema-version>
        <gelCAN:date-time>2006-05-04T18:13:51.0</gelCAN:date-time>
        <gelCAN:source-organisation>source-organisation0</gelCAN:source-organisation>
        <gelCAN:source-system>source-system0</gelCAN:source-system>
        <gelCAN:local-report-id>local-report-id0</gelCAN:local-report-id>
    </gelCAN:metadata>
    <gelCAN:subject>
        <gelCAN:participant-identifiers>
            <gelCAN:person-identifier>
                <gelCAN:health-and-care-number>0000000000</gelCAN:health-and-care-number>
            </gelCAN:person-identifier>
            <gelCAN:participant-id>900000017</gelCAN:participant-id>
            <gelCAN:date-of-birth>1980-05-04</gelCAN:date-of-birth>
            <gelCAN:surname>bloggs</gelCAN:surname>
            <gelCAN:forenames>joanna</gelCAN:forenames>
        </gelCAN:participant-identifiers>
        <gelCAN:surgery-and-other-procedures>
            <gelCAN:event-details>
                <gelCAN:event-date>2016-06-20T18:13:51.0</gelCAN:event-date>
                <gelCAN:event-reference>1293872183712813297812</gelCAN:event-reference>
            </gelCAN:event-details>
            <gelCAN:related-cancer-diagnoses>
                <gelCAN:related-cancer-diagnosis-icd>C50.1</gelCAN:related-cancer-diagnosis-icd>
            </gelCAN:related-cancer-diagnoses>
            <gelCAN:main-specialty-code>100</gelCAN:main-specialty-code>
            <gelCAN:primary-procedure>B28.5</gelCAN:primary-procedure>
            <gelCAN:other-procedures>B27.1</gelCAN:other-procedures>
            <gelCAN:other-procedures>B27.2</gelCAN:other-procedures>
            <gelCAN:asa-score>1</gelCAN:asa-score>
            <gelCAN:tumour-id>DEMO_655626585</gelCAN:tumour-id>
        </gelCAN:surgery-and-other-procedures>
        <gelCAN:systemic-anti-cancer-therapy>
            <gelCAN:event-details>
                <gelCAN:event-date>2006-06-18T18:13:51.0</gelCAN:event-date>
                <gelCAN:event-reference>event-reference2</gelCAN:event-reference>
            </gelCAN:event-details>
            <gelCAN:related-cancer-diagnoses>
                <gelCAN:related-cancer-diagnosis-icd>C50.1</gelCAN:related-cancer-diagnosis-icd>
            </gelCAN:related-cancer-diagnoses>
            <gelCAN:drug-treatment-intent>C</gelCAN:drug-treatment-intent>
            <gelCAN:drug-regimen>X71.1</gelCAN:drug-regimen>
            <gelCAN:main-specialty-code>370</gelCAN:main-specialty-code>
            <gelCAN:tumour-id>DEMO_655626585</gelCAN:tumour-id>
        </gelCAN:systemic-anti-cancer-therapy>
        <gelCAN:radiotherapy>
            <gelCAN:event-details>
                <gelCAN:event-date>2006-05-04T18:13:51.0</gelCAN:event-date>
                <gelCAN:event-reference>event-reference4</gelCAN:event-reference>
            </gelCAN:event-details>
            <gelCAN:related-cancer-diagnoses>
                <gelCAN:related-cancer-diagnosis-icd>C50.1</gelCAN:related-cancer-diagnosis-icd>
            </gelCAN:related-cancer-diagnoses>
            <gelCAN:radiotherapy-details>
                <gelCAN:external-beam>
                    <gelCAN:external-beam-type>stereotactic</gelCAN:external-beam-type>
                    <gelCAN:fractions>50</gelCAN:fractions>
                </gelCAN:external-beam>
            </gelCAN:radiotherapy-details>
            <gelCAN:radiotherapy-site>Z15.1</gelCAN:radiotherapy-site>
            <gelCAN:dose>35.0</gelCAN:dose>
            <gelCAN:prescription>adsadsa asdalsdkjdsak.cx asdkadsj 32324 @#%^%#$ </gelCAN:prescription>
            <gelCAN:plan>adsadsa asdalsdkjdsak.cx asdkadsj 32324 @#%^%#$ </gelCAN:plan>
            <gelCAN:radiotherapy-intent>02</gelCAN:radiotherapy-intent>
            <gelCAN:main-specialty-code>800</gelCAN:main-specialty-code>
            <gelCAN:tumour-id>DEMO_655626585</gelCAN:tumour-id>
        </gelCAN:radiotherapy>
          </gelCAN:subject>
 </gelCAN:interventions>
