<?xml version="1.0" encoding="UTF-8"?>
<gelCAN:investigations xmlns:html="http://www.w3.org/1999/xhtml"
 xmlns:vc="http://www.w3.org/2007/XMLSchema-versioning"
 xmlns:gelCAN="https://genomicsengland.co.uk/xsd/cancer/3.1.2"
 xmlns:xsi="http://www.w3.org/2001/XMLSchema-instance">
    <gelCAN:metadata>
        <gelCAN:schema-name>InvestigationsCancer</gelCAN:schema-name>
        <gelCAN:schema-version>3.1.2</gelCAN:schema-version>
        <gelCAN:date-time>2006-05-04T18:13:51.0</gelCAN:date-time>
        <gelCAN:source-organisation>source-organisation0</gelCAN:source-organisation>
        <gelCAN:source-system>source-system0</gelCAN:source-system>
        <gelCAN:local-report-id>local-report-id0</gelCAN:local-report-id>
    </gelCAN:metadata>
    <gelCAN:subject>
        <gelCAN:participant-identifiers>
            <gelCAN:person-identifier>
                <gelCAN:health-and-care-number>0000000000</gelCAN:health-and-care-number>
            </gelCAN:person-identifier>
            <gelCAN:participant-id>900000017</gelCAN:participant-id>
            <gelCAN:date-of-birth>1980-05-04</gelCAN:date-of-birth>
            <gelCAN:surname>bloggs</gelCAN:surname>
            <gelCAN:forenames>joanna</gelCAN:forenames>
        </gelCAN:participant-identifiers>
        <gelCAN:imaging>
            <gelCAN:event-details>
                <gelCAN:event-date>2016-05-04T18:13:51.0</gelCAN:event-date>
                <gelCAN:event-reference>13464325623642346624324363426</gelCAN:event-reference>
            </gelCAN:event-details>
            <gelCAN:related-cancer-diagnoses>
                <gelCAN:related-cancer-diagnosis-icd>C50.1</gelCAN:related-cancer-diagnosis-icd>
            </gelCAN:related-cancer-diagnoses>
            <gelCAN:sample-details>
                <gelCAN:local-sample-id>655626585</gelCAN:local-sample-id>
            </gelCAN:sample-details>
            <gelCAN:imaging-code>
                <gelCAN:imaging-code-nicip>XLMAL</gelCAN:imaging-code-nicip>
            </gelCAN:imaging-code>
            <gelCAN:cancer-specific-imaging>
                <gelCAN:imaging-breast>
                    <gelCAN:mammogram-result>R5</gelCAN:mammogram-result>
                </gelCAN:imaging-breast>
            </gelCAN:cancer-specific-imaging>
            <gelCAN:imaging-modality>C01X</gelCAN:imaging-modality>
            <gelCAN:anatomical-site>0</gelCAN:anatomical-site>
            <gelCAN:anatomical-side>L</gelCAN:anatomical-side>
            <gelCAN:imaging-report-reference>imaging-report-reference0</gelCAN:imaging-report-reference>
            <gelCAN:image-file-reference>image-file-reference0</gelCAN:image-file-reference>
            <gelCAN:ultrasound-examination-result>U1</gelCAN:ultrasound-examination-result>
            <gelCAN:imaging-report-text>asdkjasdlk sadflkjadsfkljadfs asdkjfhasfdjhsad asdjhgdsfahbdsaf  asdfghadsf</gelCAN:imaging-report-text>
            <gelCAN:tumour-id>DEMO_655626585</gelCAN:tumour-id>
        </gelCAN:imaging>
        <gelCAN:sample-pathology>
            <gelCAN:event-details>
                <gelCAN:event-date>2016-05-06T18:13:51.0</gelCAN:event-date>
                <gelCAN:event-reference>4235435245325423435253422543</gelCAN:event-reference>
            </gelCAN:event-details>
            <gelCAN:related-cancer-diagnoses>
                <gelCAN:related-cancer-diagnosis-icd>C50.1</gelCAN:related-cancer-diagnosis-icd>
            </gelCAN:related-cancer-diagnoses>
            <gelCAN:sample-details>
                <gelCAN:local-sample-id>655626585</gelCAN:local-sample-id>
            </gelCAN:sample-details>
            <gelCAN:morphology>
                <gelCAN:morphology-icd>M81403</gelCAN:morphology-icd>
            </gelCAN:morphology>
            <gelCAN:topography>
                <gelCAN:topography-snomed>
                    <gelCAN:topography-snomed>T40000</gelCAN:topography-snomed>
                    <gelCAN:snomed-version>01</gelCAN:snomed-version>
                </gelCAN:topography-snomed>
            </gelCAN:topography>
            <gelCAN:ptnm>
                <gelCAN:tnm-version>8</gelCAN:tnm-version>
                <gelCAN:pt>T1</gelCAN:pt>
                <gelCAN:pn>N0</gelCAN:pn>
            </gelCAN:ptnm>
            <gelCAN:cancer-specific-grading>
                <gelCAN:invasive-grade-breast>1</gelCAN:invasive-grade-breast>
            </gelCAN:cancer-specific-grading>
            <gelCAN:cancer-specific-pathology>
                <gelCAN:pathology-breast>
                    <gelCAN:core-biopsy-breast>B5a</gelCAN:core-biopsy-breast>
                    <gelCAN:core-biopsy-node>B4</gelCAN:core-biopsy-node>
                    <gelCAN:cytology-node>C5</gelCAN:cytology-node>
                    <gelCAN:er-allred-score>7</gelCAN:er-allred-score>
                    <gelCAN:pr-allred-score>7</gelCAN:pr-allred-score>
                    <gelCAN:her2-status>P</gelCAN:her2-status>
                    <gelCAN:her2-ish-status>N</gelCAN:her2-ish-status>
                    <gelCAN:distance-to-margin>3.1</gelCAN:distance-to-margin>
                </gelCAN:pathology-breast>
            </gelCAN:cancer-specific-pathology>
            <gelCAN:primary-diagnosis-icd-pathological>C50.1</gelCAN:primary-diagnosis-icd-pathological>
            <gelCAN:pathology-investigation-type>CY</gelCAN:pathology-investigation-type>
            <gelCAN:excision-margin>01</gelCAN:excision-margin>
            <gelCAN:grade-of-differentiation>G3</gelCAN:grade-of-differentiation>
            <gelCAN:pathology-report>paskldfhdaskj  dsafkjhadsfkjadsfh fadsklfjdhadsjfkhfdas askdfjlhsjk</gelCAN:pathology-report>
            <gelCAN:number-of-nodes-examined>4</gelCAN:number-of-nodes-examined>
            <gelCAN:number-of-nodes-positive>1</gelCAN:number-of-nodes-positive>
            <gelCAN:pathology-image-file-reference>pathology-image-file-reference0</gelCAN:pathology-image-file-reference>
            <gelCAN:tumour-type>primary</gelCAN:tumour-type>
            <gelCAN:pre-operative-therapy>no</gelCAN:pre-operative-therapy>
            <gelCAN:investigation-result-date>2006-05-04</gelCAN:investigation-result-date>
            <gelCAN:service-report-identifier>0</gelCAN:service-report-identifier>
            <gelCAN:cancer-vascular-or-lymphatic-invasion>NU</gelCAN:cancer-vascular-or-lymphatic-invasion>
            <gelCAN:tumour-size>1</gelCAN:tumour-size>
            <gelCAN:pre-invasive-elements>asdadsklj daslkjdsaklasdj asdlkasdjkadjs</gelCAN:pre-invasive-elements>
            <gelCAN:tumour-id>DEMO_655626585</gelCAN:tumour-id>
        </gelCAN:sample-pathology>
        <gelCAN:genetic-results>
            <gelCAN:event-details>
                <gelCAN:event-date>2016-05-14T18:13:51.0</gelCAN:event-date>
                <gelCAN:event-reference>31429084093218902341890231489043218</gelCAN:event-reference>
            </gelCAN:event-details>
            <gelCAN:related-cancer-diagnoses>
                <gelCAN:related-cancer-diagnosis-icd>C50.1</gelCAN:related-cancer-diagnosis-icd>
            </gelCAN:related-cancer-diagnoses>
            <gelCAN:sample-details>
                <gelCAN:local-sample-id>local-sample-id4</gelCAN:local-sample-id>
                <gelCAN:sample-taken-date>2006-05-04</gelCAN:sample-taken-date>
                <gelCAN:sample-receipt-date>2006-05-04</gelCAN:sample-receipt-date>
            </gelCAN:sample-details>
            <gelCAN:genetic-result>
                <gelCAN:genetic-test-laboratory>research_laboratory</gelCAN:genetic-test-laboratory>
                <gelCAN:test-scope>test-scope0</gelCAN:test-scope>
                <gelCAN:scope-qualifiers>scope-qualifiers0</gelCAN:scope-qualifiers>
                <gelCAN:method-of-test>sequencing</gelCAN:method-of-test>
                <gelCAN:test-result>normal</gelCAN:test-result>
                <gelCAN:abnormal-molecular-result>abnormal-molecular-result0</gelCAN:abnormal-molecular-result>
                <gelCAN:genome-build>genome-build0</gelCAN:genome-build>
                <gelCAN:abnormal-cytogenetic-result>abnormal-cytogenetic-result0</gelCAN:abnormal-cytogenetic-result>
            </gelCAN:genetic-result>
            <gelCAN:genetic-result>
                <gelCAN:genetic-test-laboratory>research_laboratory</gelCAN:genetic-test-laboratory>
                <gelCAN:test-scope>test-genomewide</gelCAN:test-scope>
                <gelCAN:method-of-test>sequencing</gelCAN:method-of-test>
                <gelCAN:test-result>abnormalitydetected</gelCAN:test-result>
            </gelCAN:genetic-result>
            <gelCAN:tumour-id>DEMO_655626585</gelCAN:tumour-id>
        </gelCAN:genetic-results>
       <gelCAN:investigation-report-other>
           <gelCAN:event-details>
               <gelCAN:event-date>2016-05-06T18:13:51.0</gelCAN:event-date>
               <gelCAN:event-reference>0980989890890823198932108123901238</gelCAN:event-reference>
           </gelCAN:event-details>
           <gelCAN:related-cancer-diagnoses>
               <gelCAN:related-cancer-diagnosis-icd>C50.1</gelCAN:related-cancer-diagnosis-icd>
           </gelCAN:related-cancer-diagnoses>
            <gelCAN:report-attribute>
                <gelCAN:standard>LOINC</gelCAN:standard>
                <gelCAN:code>10346-5</gelCAN:code>
                <gelCAN:name>Hemoglobin A</gelCAN:name>
                <gelCAN:value>11.3</gelCAN:value>
                <gelCAN:datetime>2006-05-04T18:13:51.0</gelCAN:datetime>
                <gelCAN:unit-of-measure>24</gelCAN:unit-of-measure>
            </gelCAN:report-attribute>
            <gelCAN:report-name>Tumour Markers 123123</gelCAN:report-name>
           <gelCAN:tumour-id>DEMO_655626585</gelCAN:tumour-id>
        </gelCAN:investigation-report-other>
      </gelCAN:subject>
</gelCAN:investigations>
