<?xml version="1.0" encoding="UTF-8"?>
<gelCAN:diagnoses xmlns:vc="http://www.w3.org/2007/XMLSchema-versioning"
 xmlns:gelCAN="https://genomicsengland.co.uk/xsd/cancer/2.0.0"
 xmlns:xsi="http://www.w3.org/2001/XMLSchema-instance"
 xsi:schemaLocation="https://genomicsengland.co.uk/xsd/cancer/2.0.0 file:/Users/genomicsengland/Documents/Cancer/MainProgrammeCancer/Cancer%20Schemas%20v2.0.0%20FINAL/DiagnosesCancer-v2.0.0.xsd">
    <gelCAN:metadata>
        <gelCAN:schema-name>DiagnosesCancer</gelCAN:schema-name>
        <gelCAN:schema-version>2.0.0</gelCAN:schema-version>
        <gelCAN:date>2006-05-04</gelCAN:date>
        <gelCAN:source-organisation>source-organisation0</gelCAN:source-organisation>
        <gelCAN:source-system>source-system0</gelCAN:source-system>
        <gelCAN:local-report-id>local-report-id0</gelCAN:local-report-id>
    </gelCAN:metadata>
    <gelCAN:subject>
        <gelCAN:participant-identifiers>
            <gelCAN:participant-id>participant-id0</gelCAN:participant-id>
            <gelCAN:date-of-birth>2006-05-04</gelCAN:date-of-birth>
            <gelCAN:nhs-number>0000000000</gelCAN:nhs-number>
            <gelCAN:chi-number>chi-number0</gelCAN:chi-number>
            <gelCAN:surname>surname0</gelCAN:surname>
            <gelCAN:forenames>forenames0</gelCAN:forenames>
        </gelCAN:participant-identifiers>
        <gelCAN:diagnosis>
            <gelCAN:event-details>
                <gelCAN:event-date>2006-05-04T18:13:51.0</gelCAN:event-date>
                <gelCAN:event-reference>event-reference0</gelCAN:event-reference>
            </gelCAN:event-details>
            <gelCAN:morphology>
                <gelCAN:morphology-snomedrt>morphology-snomedrt0</gelCAN:morphology-snomedrt>
            </gelCAN:morphology>
            <gelCAN:morphology>
                <gelCAN:morphology-snomedct>morphology-snomedct0</gelCAN:morphology-snomedct>
            </gelCAN:morphology>
            <gelCAN:topography>
                <gelCAN:topography-snomedrt>topography-snomedrt0</gelCAN:topography-snomedrt>
            </gelCAN:topography>
            <gelCAN:integrated-tnm>
                <gelCAN:tnm-details>
                    <gelCAN:integrated-tnm>integrated-tnm0</gelCAN:integrated-tnm>
                </gelCAN:tnm-details>
                <gelCAN:integrated-tnm-version>integrated-tnm-version0</gelCAN:integrated-tnm-version>
            </gelCAN:integrated-tnm>
            <gelCAN:modified-dukes-stage>
                <gelCAN:modified-dukes-stage>A</gelCAN:modified-dukes-stage>
                <gelCAN:modified-dukes-stage-version>modified-dukes-stage-version0</gelCAN:modified-dukes-stage-version>
            </gelCAN:modified-dukes-stage>
            <gelCAN:final-figo-stage>
                <gelCAN:final-figo-stage>IA</gelCAN:final-figo-stage>
                <gelCAN:final-figo-stage-version>final-figo-stage-version0</gelCAN:final-figo-stage-version>
            </gelCAN:final-figo-stage>
            <gelCAN:cancer-specific-grading>
                <gelCAN:tumour-grade-lung>Moderately differentiated</gelCAN:tumour-grade-lung>
            </gelCAN:cancer-specific-grading>
            <gelCAN:diagnosis-icd>diagnosis-icd0</gelCAN:diagnosis-icd>
            <gelCAN:diagnosis-snomedct>diagnosis-snomedct0</gelCAN:diagnosis-snomedct>
            <gelCAN:recurrence-indicator>YL</gelCAN:recurrence-indicator>
            <gelCAN:metastatic-site>02</gelCAN:metastatic-site>
            <gelCAN:basis-of-diagnosis>2</gelCAN:basis-of-diagnosis>
            <gelCAN:tumour-laterality>B</gelCAN:tumour-laterality>
            <gelCAN:grade-of-differentiation>G4</gelCAN:grade-of-differentiation>
        </gelCAN:diagnosis>
        <gelCAN:diagnosis>
            <gelCAN:event-details>
                <gelCAN:event-date>2006-05-04T18:13:51.0</gelCAN:event-date>
                <gelCAN:event-reference>event-reference1</gelCAN:event-reference>
            </gelCAN:event-details>
            <gelCAN:morphology>
                <gelCAN:morphology-snomedrt>morphology-snomedrt1</gelCAN:morphology-snomedrt>
            </gelCAN:morphology>
            <gelCAN:morphology>
                <gelCAN:morphology-snomedct>morphology-snomedct1</gelCAN:morphology-snomedct>
            </gelCAN:morphology>
            <gelCAN:topography>
                <gelCAN:topography-snomedct>topography-snomedct0</gelCAN:topography-snomedct>
            </gelCAN:topography>
            <gelCAN:integrated-tnm>
                <gelCAN:tnm-details>
                    <gelCAN:integrated-tnm>integrated-tnm1</gelCAN:integrated-tnm>
                </gelCAN:tnm-details>
                <gelCAN:integrated-tnm-version>integrated-tnm-version1</gelCAN:integrated-tnm-version>
            </gelCAN:integrated-tnm>
            <gelCAN:modified-dukes-stage>
                <gelCAN:modified-dukes-stage>A</gelCAN:modified-dukes-stage>
                <gelCAN:modified-dukes-stage-version>modified-dukes-stage-version1</gelCAN:modified-dukes-stage-version>
            </gelCAN:modified-dukes-stage>
            <gelCAN:final-figo-stage>
                <gelCAN:final-figo-stage>IA</gelCAN:final-figo-stage>
                <gelCAN:final-figo-stage-version>final-figo-stage-version1</gelCAN:final-figo-stage-version>
            </gelCAN:final-figo-stage>
            <gelCAN:cancer-specific-grading>
                <gelCAN:gleason-grade>
                    <gelCAN:gleason-grade-primary>1</gelCAN:gleason-grade-primary>
                    <gelCAN:gleason-grade-secondary>1</gelCAN:gleason-grade-secondary>
                </gelCAN:gleason-grade>
            </gelCAN:cancer-specific-grading>
            <gelCAN:diagnosis-icd>diagnosis-icd1</gelCAN:diagnosis-icd>
            <gelCAN:diagnosis-snomedct>diagnosis-snomedct1</gelCAN:diagnosis-snomedct>
            <gelCAN:recurrence-indicator>YL</gelCAN:recurrence-indicator>
            <gelCAN:metastatic-site>02</gelCAN:metastatic-site>
            <gelCAN:basis-of-diagnosis>2</gelCAN:basis-of-diagnosis>
            <gelCAN:tumour-laterality>B</gelCAN:tumour-laterality>
            <gelCAN:grade-of-differentiation>G4</gelCAN:grade-of-differentiation>
        </gelCAN:diagnosis>
    </gelCAN:subject>
    <gelCAN:subject>
        <gelCAN:participant-identifiers>
            <gelCAN:participant-id>participant-id1</gelCAN:participant-id>
            <gelCAN:date-of-birth>2006-05-04</gelCAN:date-of-birth>
            <gelCAN:nhs-number>0000000000</gelCAN:nhs-number>
            <gelCAN:chi-number>chi-number1</gelCAN:chi-number>
            <gelCAN:surname>surname1</gelCAN:surname>
            <gelCAN:forenames>forenames1</gelCAN:forenames>
        </gelCAN:participant-identifiers>
        <gelCAN:diagnosis>
            <gelCAN:event-details>
                <gelCAN:event-date>2006-05-04T18:13:51.0</gelCAN:event-date>
                <gelCAN:event-reference>event-reference2</gelCAN:event-reference>
            </gelCAN:event-details>
            <gelCAN:morphology>
                <gelCAN:morphology-snomedct>morphology-snomedct2</gelCAN:morphology-snomedct>
            </gelCAN:morphology>
            <gelCAN:morphology>
                <gelCAN:morphology-snomedct>morphology-snomedct3</gelCAN:morphology-snomedct>
            </gelCAN:morphology>
            <gelCAN:topography>
                <gelCAN:topography-icd>topography-icd0</gelCAN:topography-icd>
            </gelCAN:topography>
            <gelCAN:integrated-tnm>
                <gelCAN:tnm-details>
                    <gelCAN:integrated-tnm>integrated-tnm2</gelCAN:integrated-tnm>
                </gelCAN:tnm-details>
                <gelCAN:integrated-tnm-version>integrated-tnm-version2</gelCAN:integrated-tnm-version>
            </gelCAN:integrated-tnm>
            <gelCAN:modified-dukes-stage>
                <gelCAN:modified-dukes-stage>A</gelCAN:modified-dukes-stage>
                <gelCAN:modified-dukes-stage-version>modified-dukes-stage-version2</gelCAN:modified-dukes-stage-version>
            </gelCAN:modified-dukes-stage>
            <gelCAN:cancer-specific-grading>
                <gelCAN:invasive-grade-breast>1</gelCAN:invasive-grade-breast>
            </gelCAN:cancer-specific-grading>
            <gelCAN:diagnosis-icd>diagnosis-icd2</gelCAN:diagnosis-icd>
            <gelCAN:diagnosis-snomedct>diagnosis-snomedct2</gelCAN:diagnosis-snomedct>
            <gelCAN:recurrence-indicator>YL</gelCAN:recurrence-indicator>
            <gelCAN:metastatic-site>02</gelCAN:metastatic-site>
            <gelCAN:basis-of-diagnosis>2</gelCAN:basis-of-diagnosis>
            <gelCAN:tumour-laterality>B</gelCAN:tumour-laterality>
            <gelCAN:grade-of-differentiation>G4</gelCAN:grade-of-differentiation>
        </gelCAN:diagnosis>
        <gelCAN:diagnosis>
            <gelCAN:event-details>
                <gelCAN:event-date>2006-05-04T18:13:51.0</gelCAN:event-date>
                <gelCAN:event-reference>event-reference3</gelCAN:event-reference>
            </gelCAN:event-details>
            <gelCAN:morphology>
                <gelCAN:morphology-snomedrt>morphology-snomedrt2</gelCAN:morphology-snomedrt>
            </gelCAN:morphology>
            <gelCAN:morphology>
                <gelCAN:morphology-snomedrt>morphology-snomedrt3</gelCAN:morphology-snomedrt>
            </gelCAN:morphology>
            <gelCAN:topography>
                <gelCAN:topography-snomedrt>topography-snomedrt1</gelCAN:topography-snomedrt>
            </gelCAN:topography>
            <gelCAN:integrated-tnm>
                <gelCAN:tnm-details>
                    <gelCAN:integrated-tnm>integrated-tnm3</gelCAN:integrated-tnm>
                </gelCAN:tnm-details>
                <gelCAN:integrated-tnm-version>integrated-tnm-version3</gelCAN:integrated-tnm-version>
            </gelCAN:integrated-tnm>
            <gelCAN:final-figo-stage>
                <gelCAN:final-figo-stage>IA</gelCAN:final-figo-stage>
                <gelCAN:final-figo-stage-version>final-figo-stage-version3</gelCAN:final-figo-stage-version>
            </gelCAN:final-figo-stage>
            <gelCAN:cancer-specific-grading>
                <gelCAN:mmr-lynch-mutation-tumour-grade-gynaecology>Undifferentiated</gelCAN:mmr-lynch-mutation-tumour-grade-gynaecology>
            </gelCAN:cancer-specific-grading>
            <gelCAN:diagnosis-icd>diagnosis-icd3</gelCAN:diagnosis-icd>
            <gelCAN:diagnosis-snomedct>diagnosis-snomedct3</gelCAN:diagnosis-snomedct>
            <gelCAN:recurrence-indicator>YL</gelCAN:recurrence-indicator>
            <gelCAN:metastatic-site>02</gelCAN:metastatic-site>
            <gelCAN:basis-of-diagnosis>2</gelCAN:basis-of-diagnosis>
            <gelCAN:tumour-laterality>B</gelCAN:tumour-laterality>
            <gelCAN:grade-of-differentiation>G4</gelCAN:grade-of-differentiation>
        </gelCAN:diagnosis>
    </gelCAN:subject>
</gelCAN:diagnoses>
