<?xml version="1.0" encoding="UTF-8"?>
<gelCAN:investigations xmlns:vc="http://www.w3.org/2007/XMLSchema-versioning"
 xmlns:gelCAN="https://genomicsengland.co.uk/xsd/cancer/2.0.0"
 xmlns:xsi="http://www.w3.org/2001/XMLSchema-instance"
 xsi:schemaLocation="https://genomicsengland.co.uk/xsd/cancer/2.0.0 file:/Users/genomicsengland/Documents/Cancer/MainProgrammeCancer/Cancer%20Schemas%20v2.0.0%20FINAL/InvestigationsCancer-v2.0.0.xsd">
    <gelCAN:metadata>
        <gelCAN:schema-name>InvestigationsCancer</gelCAN:schema-name>
        <gelCAN:schema-version>2.0.0</gelCAN:schema-version>
        <gelCAN:date>2006-05-04</gelCAN:date>
        <gelCAN:source-organisation>source-organisation0</gelCAN:source-organisation>
        <gelCAN:source-system>source-system0</gelCAN:source-system>
        <gelCAN:local-report-id>local-report-id0</gelCAN:local-report-id>
    </gelCAN:metadata>
    <gelCAN:subject>
        <gelCAN:participant-identifiers>
            <gelCAN:participant-id>participant-id0</gelCAN:participant-id>
            <gelCAN:date-of-birth>2006-05-04</gelCAN:date-of-birth>
            <gelCAN:nhs-number>0000000000</gelCAN:nhs-number>
            <gelCAN:chi-number>chi-number0</gelCAN:chi-number>
            <gelCAN:surname>surname0</gelCAN:surname>
            <gelCAN:forenames>forenames0</gelCAN:forenames>
        </gelCAN:participant-identifiers>
        <gelCAN:imaging>
            <gelCAN:event-details>
                <gelCAN:event-date>2006-05-04T18:13:51.0</gelCAN:event-date>
                <gelCAN:event-reference>event-reference0</gelCAN:event-reference>
            </gelCAN:event-details>
            <gelCAN:related-cancer-diagnoses>
                <gelCAN:related-cancer-diagnosis-icd>related-cancer-diagnosis-icd0</gelCAN:related-cancer-diagnosis-icd>
                <gelCAN:related-cancer-diagnosis-icd>related-cancer-diagnosis-icd1</gelCAN:related-cancer-diagnosis-icd>
                <gelCAN:related-cancer-diagnosis-snomedct>related-cancer-diagnosis-snomedct0</gelCAN:related-cancer-diagnosis-snomedct>
                <gelCAN:related-cancer-diagnosis-snomedct>related-cancer-diagnosis-snomedct1</gelCAN:related-cancer-diagnosis-snomedct>
            </gelCAN:related-cancer-diagnoses>
            <gelCAN:imaging-code>
                <gelCAN:imaging-code-nicip>imaging-code-nicip0</gelCAN:imaging-code-nicip>
            </gelCAN:imaging-code>
            <gelCAN:imaging-modality>C01X</gelCAN:imaging-modality>
            <gelCAN:anatomical-site>anatomical-site0</gelCAN:anatomical-site>
            <gelCAN:anatomical-side>L</gelCAN:anatomical-side>
            <gelCAN:imaging-report-reference>imaging-report-reference0</gelCAN:imaging-report-reference>
            <gelCAN:image-file-reference>image-file-reference0</gelCAN:image-file-reference>
            <gelCAN:image-file-reference>image-file-reference1</gelCAN:image-file-reference>
        </gelCAN:imaging>
        <gelCAN:imaging>
            <gelCAN:event-details>
                <gelCAN:event-date>2006-05-04T18:13:51.0</gelCAN:event-date>
                <gelCAN:event-reference>event-reference1</gelCAN:event-reference>
            </gelCAN:event-details>
            <gelCAN:related-cancer-diagnoses>
                <gelCAN:related-cancer-diagnosis-icd>related-cancer-diagnosis-icd2</gelCAN:related-cancer-diagnosis-icd>
                <gelCAN:related-cancer-diagnosis-icd>related-cancer-diagnosis-icd3</gelCAN:related-cancer-diagnosis-icd>
                <gelCAN:related-cancer-diagnosis-snomedct>related-cancer-diagnosis-snomedct2</gelCAN:related-cancer-diagnosis-snomedct>
                <gelCAN:related-cancer-diagnosis-snomedct>related-cancer-diagnosis-snomedct3</gelCAN:related-cancer-diagnosis-snomedct>
            </gelCAN:related-cancer-diagnoses>
            <gelCAN:imaging-code>
                <gelCAN:imaging-code-snomedct>imaging-code-snomedct0</gelCAN:imaging-code-snomedct>
            </gelCAN:imaging-code>
            <gelCAN:imaging-modality>C01X</gelCAN:imaging-modality>
            <gelCAN:anatomical-site>anatomical-site1</gelCAN:anatomical-site>
            <gelCAN:anatomical-side>L</gelCAN:anatomical-side>
            <gelCAN:imaging-report-reference>imaging-report-reference1</gelCAN:imaging-report-reference>
            <gelCAN:image-file-reference>image-file-reference2</gelCAN:image-file-reference>
            <gelCAN:image-file-reference>image-file-reference3</gelCAN:image-file-reference>
        </gelCAN:imaging>
        <gelCAN:sample-pathology>
            <gelCAN:event-details>
                <gelCAN:event-date>2006-05-04T18:13:51.0</gelCAN:event-date>
                <gelCAN:event-reference>event-reference2</gelCAN:event-reference>
            </gelCAN:event-details>
            <gelCAN:related-cancer-diagnoses>
                <gelCAN:related-cancer-diagnosis-icd>related-cancer-diagnosis-icd4</gelCAN:related-cancer-diagnosis-icd>
                <gelCAN:related-cancer-diagnosis-icd>related-cancer-diagnosis-icd5</gelCAN:related-cancer-diagnosis-icd>
                <gelCAN:related-cancer-diagnosis-snomedct>related-cancer-diagnosis-snomedct4</gelCAN:related-cancer-diagnosis-snomedct>
                <gelCAN:related-cancer-diagnosis-snomedct>related-cancer-diagnosis-snomedct5</gelCAN:related-cancer-diagnosis-snomedct>
            </gelCAN:related-cancer-diagnoses>
            <gelCAN:sample-details>
                <gelCAN:source-sample-id>source-sample-id0</gelCAN:source-sample-id>
                <gelCAN:sample-taken-date>2006-05-04T18:13:51.0</gelCAN:sample-taken-date>
                <gelCAN:sample-receipt-date>2006-05-04T18:13:51.0</gelCAN:sample-receipt-date>
            </gelCAN:sample-details>
            <gelCAN:morphology>
                <gelCAN:morphology-snomedct>morphology-snomedct0</gelCAN:morphology-snomedct>
            </gelCAN:morphology>
            <gelCAN:morphology>
                <gelCAN:morphology-icd>morphology-icd0</gelCAN:morphology-icd>
            </gelCAN:morphology>
            <gelCAN:topography>
                <gelCAN:topography-icd>topography-icd0</gelCAN:topography-icd>
            </gelCAN:topography>
            <gelCAN:disease-specific-markers>
                <gelCAN:colorectal-tumour-markers>
                    <gelCAN:mlh1-ihc>present</gelCAN:mlh1-ihc>
                    <gelCAN:msh6-ihc>present</gelCAN:msh6-ihc>
                    <gelCAN:msh2-ihc>present</gelCAN:msh2-ihc>
                    <gelCAN:pms2-ihc>present</gelCAN:pms2-ihc>
                </gelCAN:colorectal-tumour-markers>
            </gelCAN:disease-specific-markers>
            <gelCAN:cancer-specific-grading>
                <gelCAN:figo-grade>1</gelCAN:figo-grade>
            </gelCAN:cancer-specific-grading>
            <gelCAN:pathology-investigation-type>CY</gelCAN:pathology-investigation-type>
            <gelCAN:excision-margin>01</gelCAN:excision-margin>
            <gelCAN:grade-of-differentiation>G4</gelCAN:grade-of-differentiation>
            <gelCAN:pathology-report>pathology-report0</gelCAN:pathology-report>
            <gelCAN:number-of-nodes-examined>0</gelCAN:number-of-nodes-examined>
            <gelCAN:tnm-version>tnm-version0</gelCAN:tnm-version>
            <gelCAN:pt>pt0</gelCAN:pt>
            <gelCAN:pn>pn0</gelCAN:pn>
            <gelCAN:pm>pm0</gelCAN:pm>
            <gelCAN:pathology-image-file-reference>pathology-image-file-reference0</gelCAN:pathology-image-file-reference>
            <gelCAN:pathology-image-file-reference>pathology-image-file-reference1</gelCAN:pathology-image-file-reference>
            <gelCAN:tumour-type>Metastatic</gelCAN:tumour-type>
            <gelCAN:distance-to-margin>0</gelCAN:distance-to-margin>
            <gelCAN:pre-operative-therapy>yes</gelCAN:pre-operative-therapy>
        </gelCAN:sample-pathology>
        <gelCAN:sample-pathology>
            <gelCAN:event-details>
                <gelCAN:event-date>2006-05-04T18:13:51.0</gelCAN:event-date>
                <gelCAN:event-reference>event-reference3</gelCAN:event-reference>
            </gelCAN:event-details>
            <gelCAN:related-cancer-diagnoses>
                <gelCAN:related-cancer-diagnosis-icd>related-cancer-diagnosis-icd6</gelCAN:related-cancer-diagnosis-icd>
                <gelCAN:related-cancer-diagnosis-icd>related-cancer-diagnosis-icd7</gelCAN:related-cancer-diagnosis-icd>
                <gelCAN:related-cancer-diagnosis-snomedct>related-cancer-diagnosis-snomedct6</gelCAN:related-cancer-diagnosis-snomedct>
                <gelCAN:related-cancer-diagnosis-snomedct>related-cancer-diagnosis-snomedct7</gelCAN:related-cancer-diagnosis-snomedct>
            </gelCAN:related-cancer-diagnoses>
            <gelCAN:sample-details>
                <gelCAN:source-sample-id>source-sample-id1</gelCAN:source-sample-id>
                <gelCAN:sample-taken-date>2006-05-04T18:13:51.0</gelCAN:sample-taken-date>
                <gelCAN:sample-receipt-date>2006-05-04T18:13:51.0</gelCAN:sample-receipt-date>
            </gelCAN:sample-details>
            <gelCAN:morphology>
                <gelCAN:morphology-snomedrt>morphology-snomedrt0</gelCAN:morphology-snomedrt>
            </gelCAN:morphology>
            <gelCAN:morphology>
                <gelCAN:morphology-snomedct>morphology-snomedct1</gelCAN:morphology-snomedct>
            </gelCAN:morphology>
            <gelCAN:topography>
                <gelCAN:topography-snomedrt>topography-snomedrt0</gelCAN:topography-snomedrt>
            </gelCAN:topography>
            <gelCAN:disease-specific-markers>
                <gelCAN:breast-tumour-markers>
                    <gelCAN:er>0</gelCAN:er>
                    <gelCAN:pr>0</gelCAN:pr>
                    <gelCAN:her2-status>0</gelCAN:her2-status>
                    <gelCAN:her2-ish-status>P</gelCAN:her2-ish-status>
                </gelCAN:breast-tumour-markers>
            </gelCAN:disease-specific-markers>
            <gelCAN:cancer-specific-grading>
                <gelCAN:invasive-grade-breast>1</gelCAN:invasive-grade-breast>
            </gelCAN:cancer-specific-grading>
            <gelCAN:pathology-investigation-type>CY</gelCAN:pathology-investigation-type>
            <gelCAN:excision-margin>01</gelCAN:excision-margin>
            <gelCAN:grade-of-differentiation>G4</gelCAN:grade-of-differentiation>
            <gelCAN:pathology-report>pathology-report1</gelCAN:pathology-report>
            <gelCAN:number-of-nodes-examined>0</gelCAN:number-of-nodes-examined>
            <gelCAN:tnm-version>tnm-version1</gelCAN:tnm-version>
            <gelCAN:pt>pt1</gelCAN:pt>
            <gelCAN:pn>pn1</gelCAN:pn>
            <gelCAN:pm>pm1</gelCAN:pm>
            <gelCAN:pathology-image-file-reference>pathology-image-file-reference2</gelCAN:pathology-image-file-reference>
            <gelCAN:pathology-image-file-reference>pathology-image-file-reference3</gelCAN:pathology-image-file-reference>
            <gelCAN:tumour-type>Metastatic</gelCAN:tumour-type>
            <gelCAN:distance-to-margin>0</gelCAN:distance-to-margin>
            <gelCAN:pre-operative-therapy>yes</gelCAN:pre-operative-therapy>
        </gelCAN:sample-pathology>
        <gelCAN:genetic-results>
            <gelCAN:event-details>
                <gelCAN:event-date>2006-05-04T18:13:51.0</gelCAN:event-date>
                <gelCAN:event-reference>event-reference4</gelCAN:event-reference>
            </gelCAN:event-details>
            <gelCAN:related-cancer-diagnoses>
                <gelCAN:related-cancer-diagnosis-icd>related-cancer-diagnosis-icd8</gelCAN:related-cancer-diagnosis-icd>
                <gelCAN:related-cancer-diagnosis-icd>related-cancer-diagnosis-icd9</gelCAN:related-cancer-diagnosis-icd>
                <gelCAN:related-cancer-diagnosis-snomedct>related-cancer-diagnosis-snomedct8</gelCAN:related-cancer-diagnosis-snomedct>
                <gelCAN:related-cancer-diagnosis-snomedct>related-cancer-diagnosis-snomedct9</gelCAN:related-cancer-diagnosis-snomedct>
            </gelCAN:related-cancer-diagnoses>
            <gelCAN:sample-details>
                <gelCAN:source-sample-id>source-sample-id2</gelCAN:source-sample-id>
                <gelCAN:sample-taken-date>2006-05-04T18:13:51.0</gelCAN:sample-taken-date>
                <gelCAN:sample-receipt-date>2006-05-04T18:13:51.0</gelCAN:sample-receipt-date>
            </gelCAN:sample-details>
            <gelCAN:genetic-result>
                <gelCAN:genetic-test-laboratory>research_laboratory</gelCAN:genetic-test-laboratory>
                <gelCAN:test-scope>test-scope0</gelCAN:test-scope>
                <gelCAN:scope-qualifiers>scope-qualifiers0</gelCAN:scope-qualifiers>
                <gelCAN:method-of-test>Sequencing</gelCAN:method-of-test>
                <gelCAN:test-result>Normal</gelCAN:test-result>
                <gelCAN:abnormal-molecular-result>abnormal-molecular-result0</gelCAN:abnormal-molecular-result>
                <gelCAN:genome-build>genome-build0</gelCAN:genome-build>
                <gelCAN:abnormal-cytogenetic-result>abnormal-cytogenetic-result0</gelCAN:abnormal-cytogenetic-result>
            </gelCAN:genetic-result>
            <gelCAN:genetic-result>
                <gelCAN:genetic-test-laboratory>research_laboratory</gelCAN:genetic-test-laboratory>
                <gelCAN:test-scope>test-scope1</gelCAN:test-scope>
                <gelCAN:scope-qualifiers>scope-qualifiers1</gelCAN:scope-qualifiers>
                <gelCAN:method-of-test>Sequencing</gelCAN:method-of-test>
                <gelCAN:test-result>Normal</gelCAN:test-result>
                <gelCAN:abnormal-molecular-result>abnormal-molecular-result1</gelCAN:abnormal-molecular-result>
                <gelCAN:genome-build>genome-build1</gelCAN:genome-build>
                <gelCAN:abnormal-cytogenetic-result>abnormal-cytogenetic-result1</gelCAN:abnormal-cytogenetic-result>
            </gelCAN:genetic-result>
        </gelCAN:genetic-results>
        <gelCAN:genetic-results>
            <gelCAN:event-details>
                <gelCAN:event-date>2006-05-04T18:13:51.0</gelCAN:event-date>
                <gelCAN:event-reference>event-reference5</gelCAN:event-reference>
            </gelCAN:event-details>
            <gelCAN:related-cancer-diagnoses>
                <gelCAN:related-cancer-diagnosis-icd>related-cancer-diagnosis-icd10</gelCAN:related-cancer-diagnosis-icd>
                <gelCAN:related-cancer-diagnosis-icd>related-cancer-diagnosis-icd11</gelCAN:related-cancer-diagnosis-icd>
                <gelCAN:related-cancer-diagnosis-snomedct>related-cancer-diagnosis-snomedct10</gelCAN:related-cancer-diagnosis-snomedct>
                <gelCAN:related-cancer-diagnosis-snomedct>related-cancer-diagnosis-snomedct11</gelCAN:related-cancer-diagnosis-snomedct>
            </gelCAN:related-cancer-diagnoses>
            <gelCAN:sample-details>
                <gelCAN:source-sample-id>source-sample-id3</gelCAN:source-sample-id>
                <gelCAN:sample-taken-date>2006-05-04T18:13:51.0</gelCAN:sample-taken-date>
                <gelCAN:sample-receipt-date>2006-05-04T18:13:51.0</gelCAN:sample-receipt-date>
            </gelCAN:sample-details>
            <gelCAN:genetic-result>
                <gelCAN:genetic-test-laboratory>research_laboratory</gelCAN:genetic-test-laboratory>
                <gelCAN:test-scope>test-scope2</gelCAN:test-scope>
                <gelCAN:scope-qualifiers>scope-qualifiers2</gelCAN:scope-qualifiers>
                <gelCAN:method-of-test>Sequencing</gelCAN:method-of-test>
                <gelCAN:test-result>Normal</gelCAN:test-result>
                <gelCAN:abnormal-molecular-result>abnormal-molecular-result2</gelCAN:abnormal-molecular-result>
                <gelCAN:genome-build>genome-build2</gelCAN:genome-build>
                <gelCAN:abnormal-cytogenetic-result>abnormal-cytogenetic-result2</gelCAN:abnormal-cytogenetic-result>
            </gelCAN:genetic-result>
            <gelCAN:genetic-result>
                <gelCAN:genetic-test-laboratory>research_laboratory</gelCAN:genetic-test-laboratory>
                <gelCAN:test-scope>test-scope3</gelCAN:test-scope>
                <gelCAN:scope-qualifiers>scope-qualifiers3</gelCAN:scope-qualifiers>
                <gelCAN:method-of-test>Sequencing</gelCAN:method-of-test>
                <gelCAN:test-result>Normal</gelCAN:test-result>
                <gelCAN:abnormal-molecular-result>abnormal-molecular-result3</gelCAN:abnormal-molecular-result>
                <gelCAN:genome-build>genome-build3</gelCAN:genome-build>
                <gelCAN:abnormal-cytogenetic-result>abnormal-cytogenetic-result3</gelCAN:abnormal-cytogenetic-result>
            </gelCAN:genetic-result>
        </gelCAN:genetic-results>
        <gelCAN:next-generation-sequencing>
            <gelCAN:event-details>
                <gelCAN:event-date>2006-05-04T18:13:51.0</gelCAN:event-date>
                <gelCAN:event-reference>event-reference6</gelCAN:event-reference>
            </gelCAN:event-details>
            <gelCAN:related-cancer-diagnoses>
                <gelCAN:related-cancer-diagnosis-icd>related-cancer-diagnosis-icd12</gelCAN:related-cancer-diagnosis-icd>
                <gelCAN:related-cancer-diagnosis-icd>related-cancer-diagnosis-icd13</gelCAN:related-cancer-diagnosis-icd>
                <gelCAN:related-cancer-diagnosis-snomedct>related-cancer-diagnosis-snomedct12</gelCAN:related-cancer-diagnosis-snomedct>
                <gelCAN:related-cancer-diagnosis-snomedct>related-cancer-diagnosis-snomedct13</gelCAN:related-cancer-diagnosis-snomedct>
            </gelCAN:related-cancer-diagnoses>
            <gelCAN:sample-details>
                <gelCAN:source-sample-id>source-sample-id4</gelCAN:source-sample-id>
                <gelCAN:sample-taken-date>2006-05-04T18:13:51.0</gelCAN:sample-taken-date>
                <gelCAN:sample-receipt-date>2006-05-04T18:13:51.0</gelCAN:sample-receipt-date>
            </gelCAN:sample-details>
            <gelCAN:sequence-report>sequence-report0</gelCAN:sequence-report>
            <gelCAN:sequence-file>sequence-file0</gelCAN:sequence-file>
            <gelCAN:comments>comments0</gelCAN:comments>
        </gelCAN:next-generation-sequencing>
        <gelCAN:next-generation-sequencing>
            <gelCAN:event-details>
                <gelCAN:event-date>2006-05-04T18:13:51.0</gelCAN:event-date>
                <gelCAN:event-reference>event-reference7</gelCAN:event-reference>
            </gelCAN:event-details>
            <gelCAN:related-cancer-diagnoses>
                <gelCAN:related-cancer-diagnosis-icd>related-cancer-diagnosis-icd14</gelCAN:related-cancer-diagnosis-icd>
                <gelCAN:related-cancer-diagnosis-icd>related-cancer-diagnosis-icd15</gelCAN:related-cancer-diagnosis-icd>
                <gelCAN:related-cancer-diagnosis-snomedct>related-cancer-diagnosis-snomedct14</gelCAN:related-cancer-diagnosis-snomedct>
                <gelCAN:related-cancer-diagnosis-snomedct>related-cancer-diagnosis-snomedct15</gelCAN:related-cancer-diagnosis-snomedct>
            </gelCAN:related-cancer-diagnoses>
            <gelCAN:sample-details>
                <gelCAN:source-sample-id>source-sample-id5</gelCAN:source-sample-id>
                <gelCAN:sample-taken-date>2006-05-04T18:13:51.0</gelCAN:sample-taken-date>
                <gelCAN:sample-receipt-date>2006-05-04T18:13:51.0</gelCAN:sample-receipt-date>
            </gelCAN:sample-details>
            <gelCAN:sequence-report>sequence-report1</gelCAN:sequence-report>
            <gelCAN:sequence-file>sequence-file1</gelCAN:sequence-file>
            <gelCAN:comments>comments1</gelCAN:comments>
        </gelCAN:next-generation-sequencing>
        <gelCAN:circulating-tumour-markers>
            <gelCAN:event-details>
                <gelCAN:event-date>2006-05-04T18:13:51.0</gelCAN:event-date>
                <gelCAN:event-reference>event-reference8</gelCAN:event-reference>
            </gelCAN:event-details>
            <gelCAN:related-cancer-diagnoses>
                <gelCAN:related-cancer-diagnosis-icd>related-cancer-diagnosis-icd16</gelCAN:related-cancer-diagnosis-icd>
                <gelCAN:related-cancer-diagnosis-icd>related-cancer-diagnosis-icd17</gelCAN:related-cancer-diagnosis-icd>
                <gelCAN:related-cancer-diagnosis-snomedct>related-cancer-diagnosis-snomedct16</gelCAN:related-cancer-diagnosis-snomedct>
                <gelCAN:related-cancer-diagnosis-snomedct>related-cancer-diagnosis-snomedct17</gelCAN:related-cancer-diagnosis-snomedct>
            </gelCAN:related-cancer-diagnoses>
            <gelCAN:sample-details>
                <gelCAN:source-sample-id>source-sample-id6</gelCAN:source-sample-id>
                <gelCAN:sample-taken-date>2006-05-04T18:13:51.0</gelCAN:sample-taken-date>
                <gelCAN:sample-receipt-date>2006-05-04T18:13:51.0</gelCAN:sample-receipt-date>
            </gelCAN:sample-details>
            <gelCAN:circulating-tumour-markers-details>
                <gelCAN:circulating-prostate-tumour-markers>
                    <gelCAN:psa>0</gelCAN:psa>
                </gelCAN:circulating-prostate-tumour-markers>
            </gelCAN:circulating-tumour-markers-details>
        </gelCAN:circulating-tumour-markers>
        <gelCAN:circulating-tumour-markers>
            <gelCAN:event-details>
                <gelCAN:event-date>2006-05-04T18:13:51.0</gelCAN:event-date>
                <gelCAN:event-reference>event-reference9</gelCAN:event-reference>
            </gelCAN:event-details>
            <gelCAN:related-cancer-diagnoses>
                <gelCAN:related-cancer-diagnosis-icd>related-cancer-diagnosis-icd18</gelCAN:related-cancer-diagnosis-icd>
                <gelCAN:related-cancer-diagnosis-icd>related-cancer-diagnosis-icd19</gelCAN:related-cancer-diagnosis-icd>
                <gelCAN:related-cancer-diagnosis-snomedct>related-cancer-diagnosis-snomedct18</gelCAN:related-cancer-diagnosis-snomedct>
                <gelCAN:related-cancer-diagnosis-snomedct>related-cancer-diagnosis-snomedct19</gelCAN:related-cancer-diagnosis-snomedct>
            </gelCAN:related-cancer-diagnoses>
            <gelCAN:sample-details>
                <gelCAN:source-sample-id>source-sample-id7</gelCAN:source-sample-id>
                <gelCAN:sample-taken-date>2006-05-04T18:13:51.0</gelCAN:sample-taken-date>
                <gelCAN:sample-receipt-date>2006-05-04T18:13:51.0</gelCAN:sample-receipt-date>
            </gelCAN:sample-details>
            <gelCAN:circulating-tumour-markers-details>
                <gelCAN:circulating-ovarian-tumour-markers>
                    <gelCAN:ca125>0</gelCAN:ca125>
                </gelCAN:circulating-ovarian-tumour-markers>
            </gelCAN:circulating-tumour-markers-details>
        </gelCAN:circulating-tumour-markers>
        <gelCAN:investigation-report-other>
            <gelCAN:event-details>
                <gelCAN:event-date>2006-05-04T18:13:51.0</gelCAN:event-date>
                <gelCAN:event-reference>event-reference10</gelCAN:event-reference>
            </gelCAN:event-details>
            <gelCAN:related-cancer-diagnoses>
                <gelCAN:related-cancer-diagnosis-icd>related-cancer-diagnosis-icd20</gelCAN:related-cancer-diagnosis-icd>
                <gelCAN:related-cancer-diagnosis-icd>related-cancer-diagnosis-icd21</gelCAN:related-cancer-diagnosis-icd>
                <gelCAN:related-cancer-diagnosis-snomedct>related-cancer-diagnosis-snomedct20</gelCAN:related-cancer-diagnosis-snomedct>
                <gelCAN:related-cancer-diagnosis-snomedct>related-cancer-diagnosis-snomedct21</gelCAN:related-cancer-diagnosis-snomedct>
            </gelCAN:related-cancer-diagnoses>
            <gelCAN:report-attribute>
                <gelCAN:standard>standard0</gelCAN:standard>
                <gelCAN:code>code0</gelCAN:code>
                <gelCAN:name>name0</gelCAN:name>
                <gelCAN:value>value0</gelCAN:value>
                <gelCAN:datetime>2006-05-04T18:13:51.0</gelCAN:datetime>
                <gelCAN:upper-range>upper-range0</gelCAN:upper-range>
                <gelCAN:lower-range>lower-range0</gelCAN:lower-range>
                <gelCAN:report>ZGVmYXVsdA==</gelCAN:report>
                <gelCAN:unit-of-measure>35</gelCAN:unit-of-measure>
            </gelCAN:report-attribute>
            <gelCAN:report-attribute>
                <gelCAN:standard>standard1</gelCAN:standard>
                <gelCAN:code>code1</gelCAN:code>
                <gelCAN:name>name1</gelCAN:name>
                <gelCAN:value>value1</gelCAN:value>
                <gelCAN:datetime>2006-05-04T18:13:51.0</gelCAN:datetime>
                <gelCAN:upper-range>upper-range1</gelCAN:upper-range>
                <gelCAN:lower-range>lower-range1</gelCAN:lower-range>
                <gelCAN:report>ZGVmYXVsdA==</gelCAN:report>
                <gelCAN:unit-of-measure>35</gelCAN:unit-of-measure>
            </gelCAN:report-attribute>
            <gelCAN:report-name>report-name0</gelCAN:report-name>
            <gelCAN:report-code>report-code0</gelCAN:report-code>
            <gelCAN:reporting-standard>reporting-standard0</gelCAN:reporting-standard>
        </gelCAN:investigation-report-other>
        <gelCAN:investigation-report-other>
            <gelCAN:event-details>
                <gelCAN:event-date>2006-05-04T18:13:51.0</gelCAN:event-date>
                <gelCAN:event-reference>event-reference11</gelCAN:event-reference>
            </gelCAN:event-details>
            <gelCAN:related-cancer-diagnoses>
                <gelCAN:related-cancer-diagnosis-icd>related-cancer-diagnosis-icd22</gelCAN:related-cancer-diagnosis-icd>
                <gelCAN:related-cancer-diagnosis-icd>related-cancer-diagnosis-icd23</gelCAN:related-cancer-diagnosis-icd>
                <gelCAN:related-cancer-diagnosis-snomedct>related-cancer-diagnosis-snomedct22</gelCAN:related-cancer-diagnosis-snomedct>
                <gelCAN:related-cancer-diagnosis-snomedct>related-cancer-diagnosis-snomedct23</gelCAN:related-cancer-diagnosis-snomedct>
            </gelCAN:related-cancer-diagnoses>
            <gelCAN:report-attribute>
                <gelCAN:standard>standard2</gelCAN:standard>
                <gelCAN:code>code2</gelCAN:code>
                <gelCAN:name>name2</gelCAN:name>
                <gelCAN:value>value2</gelCAN:value>
                <gelCAN:datetime>2006-05-04T18:13:51.0</gelCAN:datetime>
                <gelCAN:upper-range>upper-range2</gelCAN:upper-range>
                <gelCAN:lower-range>lower-range2</gelCAN:lower-range>
                <gelCAN:report>ZGVmYXVsdA==</gelCAN:report>
                <gelCAN:unit-of-measure>35</gelCAN:unit-of-measure>
            </gelCAN:report-attribute>
            <gelCAN:report-attribute>
                <gelCAN:standard>standard3</gelCAN:standard>
                <gelCAN:code>code3</gelCAN:code>
                <gelCAN:name>name3</gelCAN:name>
                <gelCAN:value>value3</gelCAN:value>
                <gelCAN:datetime>2006-05-04T18:13:51.0</gelCAN:datetime>
                <gelCAN:upper-range>upper-range3</gelCAN:upper-range>
                <gelCAN:lower-range>lower-range3</gelCAN:lower-range>
                <gelCAN:report>ZGVmYXVsdA==</gelCAN:report>
                <gelCAN:unit-of-measure>35</gelCAN:unit-of-measure>
            </gelCAN:report-attribute>
            <gelCAN:report-name>report-name1</gelCAN:report-name>
            <gelCAN:report-code>report-code1</gelCAN:report-code>
            <gelCAN:reporting-standard>reporting-standard1</gelCAN:reporting-standard>
        </gelCAN:investigation-report-other>
    </gelCAN:subject>
    <gelCAN:subject>
        <gelCAN:participant-identifiers>
            <gelCAN:participant-id>participant-id1</gelCAN:participant-id>
            <gelCAN:date-of-birth>2006-05-04</gelCAN:date-of-birth>
            <gelCAN:nhs-number>0000000000</gelCAN:nhs-number>
            <gelCAN:chi-number>chi-number1</gelCAN:chi-number>
            <gelCAN:surname>surname1</gelCAN:surname>
            <gelCAN:forenames>forenames1</gelCAN:forenames>
        </gelCAN:participant-identifiers>
        <gelCAN:imaging>
            <gelCAN:event-details>
                <gelCAN:event-date>2006-05-04T18:13:51.0</gelCAN:event-date>
                <gelCAN:event-reference>event-reference12</gelCAN:event-reference>
            </gelCAN:event-details>
            <gelCAN:related-cancer-diagnoses>
                <gelCAN:related-cancer-diagnosis-icd>related-cancer-diagnosis-icd24</gelCAN:related-cancer-diagnosis-icd>
                <gelCAN:related-cancer-diagnosis-icd>related-cancer-diagnosis-icd25</gelCAN:related-cancer-diagnosis-icd>
                <gelCAN:related-cancer-diagnosis-snomedct>related-cancer-diagnosis-snomedct24</gelCAN:related-cancer-diagnosis-snomedct>
                <gelCAN:related-cancer-diagnosis-snomedct>related-cancer-diagnosis-snomedct25</gelCAN:related-cancer-diagnosis-snomedct>
            </gelCAN:related-cancer-diagnoses>
            <gelCAN:imaging-code>
                <gelCAN:imaging-code-snomedct>imaging-code-snomedct1</gelCAN:imaging-code-snomedct>
            </gelCAN:imaging-code>
            <gelCAN:imaging-modality>C01X</gelCAN:imaging-modality>
            <gelCAN:anatomical-site>anatomical-site2</gelCAN:anatomical-site>
            <gelCAN:anatomical-side>L</gelCAN:anatomical-side>
            <gelCAN:imaging-report-reference>imaging-report-reference2</gelCAN:imaging-report-reference>
            <gelCAN:image-file-reference>image-file-reference4</gelCAN:image-file-reference>
            <gelCAN:image-file-reference>image-file-reference5</gelCAN:image-file-reference>
        </gelCAN:imaging>
        <gelCAN:imaging>
            <gelCAN:event-details>
                <gelCAN:event-date>2006-05-04T18:13:51.0</gelCAN:event-date>
                <gelCAN:event-reference>event-reference13</gelCAN:event-reference>
            </gelCAN:event-details>
            <gelCAN:related-cancer-diagnoses>
                <gelCAN:related-cancer-diagnosis-icd>related-cancer-diagnosis-icd26</gelCAN:related-cancer-diagnosis-icd>
                <gelCAN:related-cancer-diagnosis-icd>related-cancer-diagnosis-icd27</gelCAN:related-cancer-diagnosis-icd>
                <gelCAN:related-cancer-diagnosis-snomedct>related-cancer-diagnosis-snomedct26</gelCAN:related-cancer-diagnosis-snomedct>
                <gelCAN:related-cancer-diagnosis-snomedct>related-cancer-diagnosis-snomedct27</gelCAN:related-cancer-diagnosis-snomedct>
            </gelCAN:related-cancer-diagnoses>
            <gelCAN:imaging-code>
                <gelCAN:imaging-code-nicip>imaging-code-nicip1</gelCAN:imaging-code-nicip>
            </gelCAN:imaging-code>
            <gelCAN:imaging-modality>C01X</gelCAN:imaging-modality>
            <gelCAN:anatomical-site>anatomical-site3</gelCAN:anatomical-site>
            <gelCAN:anatomical-side>L</gelCAN:anatomical-side>
            <gelCAN:imaging-report-reference>imaging-report-reference3</gelCAN:imaging-report-reference>
            <gelCAN:image-file-reference>image-file-reference6</gelCAN:image-file-reference>
            <gelCAN:image-file-reference>image-file-reference7</gelCAN:image-file-reference>
        </gelCAN:imaging>
        <gelCAN:sample-pathology>
            <gelCAN:event-details>
                <gelCAN:event-date>2006-05-04T18:13:51.0</gelCAN:event-date>
                <gelCAN:event-reference>event-reference14</gelCAN:event-reference>
            </gelCAN:event-details>
            <gelCAN:related-cancer-diagnoses>
                <gelCAN:related-cancer-diagnosis-icd>related-cancer-diagnosis-icd28</gelCAN:related-cancer-diagnosis-icd>
                <gelCAN:related-cancer-diagnosis-icd>related-cancer-diagnosis-icd29</gelCAN:related-cancer-diagnosis-icd>
                <gelCAN:related-cancer-diagnosis-snomedct>related-cancer-diagnosis-snomedct28</gelCAN:related-cancer-diagnosis-snomedct>
                <gelCAN:related-cancer-diagnosis-snomedct>related-cancer-diagnosis-snomedct29</gelCAN:related-cancer-diagnosis-snomedct>
            </gelCAN:related-cancer-diagnoses>
            <gelCAN:sample-details>
                <gelCAN:source-sample-id>source-sample-id8</gelCAN:source-sample-id>
                <gelCAN:sample-taken-date>2006-05-04T18:13:51.0</gelCAN:sample-taken-date>
                <gelCAN:sample-receipt-date>2006-05-04T18:13:51.0</gelCAN:sample-receipt-date>
            </gelCAN:sample-details>
            <gelCAN:morphology>
                <gelCAN:morphology-icd>morphology-icd1</gelCAN:morphology-icd>
            </gelCAN:morphology>
            <gelCAN:morphology>
                <gelCAN:morphology-icd>morphology-icd2</gelCAN:morphology-icd>
            </gelCAN:morphology>
            <gelCAN:topography>
                <gelCAN:topography-snomedrt>topography-snomedrt1</gelCAN:topography-snomedrt>
            </gelCAN:topography>
            <gelCAN:disease-specific-markers>
                <gelCAN:ovarian-tumour-markers>
                    <gelCAN:wt1-ihc>present</gelCAN:wt1-ihc>
                </gelCAN:ovarian-tumour-markers>
            </gelCAN:disease-specific-markers>
            <gelCAN:cancer-specific-grading>
                <gelCAN:tumour-grade-lung>Moderately differentiated</gelCAN:tumour-grade-lung>
            </gelCAN:cancer-specific-grading>
            <gelCAN:pathology-investigation-type>CY</gelCAN:pathology-investigation-type>
            <gelCAN:excision-margin>01</gelCAN:excision-margin>
            <gelCAN:grade-of-differentiation>G4</gelCAN:grade-of-differentiation>
            <gelCAN:pathology-report>pathology-report2</gelCAN:pathology-report>
            <gelCAN:number-of-nodes-examined>0</gelCAN:number-of-nodes-examined>
            <gelCAN:tnm-version>tnm-version2</gelCAN:tnm-version>
            <gelCAN:pt>pt2</gelCAN:pt>
            <gelCAN:pn>pn2</gelCAN:pn>
            <gelCAN:pm>pm2</gelCAN:pm>
            <gelCAN:pathology-image-file-reference>pathology-image-file-reference4</gelCAN:pathology-image-file-reference>
            <gelCAN:pathology-image-file-reference>pathology-image-file-reference5</gelCAN:pathology-image-file-reference>
            <gelCAN:tumour-type>Metastatic</gelCAN:tumour-type>
            <gelCAN:distance-to-margin>0</gelCAN:distance-to-margin>
            <gelCAN:pre-operative-therapy>yes</gelCAN:pre-operative-therapy>
        </gelCAN:sample-pathology>
        <gelCAN:sample-pathology>
            <gelCAN:event-details>
                <gelCAN:event-date>2006-05-04T18:13:51.0</gelCAN:event-date>
                <gelCAN:event-reference>event-reference15</gelCAN:event-reference>
            </gelCAN:event-details>
            <gelCAN:related-cancer-diagnoses>
                <gelCAN:related-cancer-diagnosis-icd>related-cancer-diagnosis-icd30</gelCAN:related-cancer-diagnosis-icd>
                <gelCAN:related-cancer-diagnosis-icd>related-cancer-diagnosis-icd31</gelCAN:related-cancer-diagnosis-icd>
                <gelCAN:related-cancer-diagnosis-snomedct>related-cancer-diagnosis-snomedct30</gelCAN:related-cancer-diagnosis-snomedct>
                <gelCAN:related-cancer-diagnosis-snomedct>related-cancer-diagnosis-snomedct31</gelCAN:related-cancer-diagnosis-snomedct>
            </gelCAN:related-cancer-diagnoses>
            <gelCAN:sample-details>
                <gelCAN:source-sample-id>source-sample-id9</gelCAN:source-sample-id>
                <gelCAN:sample-taken-date>2006-05-04T18:13:51.0</gelCAN:sample-taken-date>
                <gelCAN:sample-receipt-date>2006-05-04T18:13:51.0</gelCAN:sample-receipt-date>
            </gelCAN:sample-details>
            <gelCAN:morphology>
                <gelCAN:morphology-snomedrt>morphology-snomedrt1</gelCAN:morphology-snomedrt>
            </gelCAN:morphology>
            <gelCAN:morphology>
                <gelCAN:morphology-snomedrt>morphology-snomedrt2</gelCAN:morphology-snomedrt>
            </gelCAN:morphology>
            <gelCAN:topography>
                <gelCAN:topography-snomedrt>topography-snomedrt2</gelCAN:topography-snomedrt>
            </gelCAN:topography>
            <gelCAN:disease-specific-markers>
                <gelCAN:breast-tumour-markers>
                    <gelCAN:er>0</gelCAN:er>
                    <gelCAN:pr>0</gelCAN:pr>
                    <gelCAN:her2-status>0</gelCAN:her2-status>
                    <gelCAN:her2-ish-status>P</gelCAN:her2-ish-status>
                </gelCAN:breast-tumour-markers>
            </gelCAN:disease-specific-markers>
            <gelCAN:cancer-specific-grading>
                <gelCAN:dcis-grade>Low</gelCAN:dcis-grade>
            </gelCAN:cancer-specific-grading>
            <gelCAN:pathology-investigation-type>CY</gelCAN:pathology-investigation-type>
            <gelCAN:excision-margin>01</gelCAN:excision-margin>
            <gelCAN:grade-of-differentiation>G4</gelCAN:grade-of-differentiation>
            <gelCAN:pathology-report>pathology-report3</gelCAN:pathology-report>
            <gelCAN:number-of-nodes-examined>0</gelCAN:number-of-nodes-examined>
            <gelCAN:tnm-version>tnm-version3</gelCAN:tnm-version>
            <gelCAN:pt>pt3</gelCAN:pt>
            <gelCAN:pn>pn3</gelCAN:pn>
            <gelCAN:pm>pm3</gelCAN:pm>
            <gelCAN:pathology-image-file-reference>pathology-image-file-reference6</gelCAN:pathology-image-file-reference>
            <gelCAN:pathology-image-file-reference>pathology-image-file-reference7</gelCAN:pathology-image-file-reference>
            <gelCAN:tumour-type>Metastatic</gelCAN:tumour-type>
            <gelCAN:distance-to-margin>0</gelCAN:distance-to-margin>
            <gelCAN:pre-operative-therapy>yes</gelCAN:pre-operative-therapy>
        </gelCAN:sample-pathology>
        <gelCAN:genetic-results>
            <gelCAN:event-details>
                <gelCAN:event-date>2006-05-04T18:13:51.0</gelCAN:event-date>
                <gelCAN:event-reference>event-reference16</gelCAN:event-reference>
            </gelCAN:event-details>
            <gelCAN:related-cancer-diagnoses>
                <gelCAN:related-cancer-diagnosis-icd>related-cancer-diagnosis-icd32</gelCAN:related-cancer-diagnosis-icd>
                <gelCAN:related-cancer-diagnosis-icd>related-cancer-diagnosis-icd33</gelCAN:related-cancer-diagnosis-icd>
                <gelCAN:related-cancer-diagnosis-snomedct>related-cancer-diagnosis-snomedct32</gelCAN:related-cancer-diagnosis-snomedct>
                <gelCAN:related-cancer-diagnosis-snomedct>related-cancer-diagnosis-snomedct33</gelCAN:related-cancer-diagnosis-snomedct>
            </gelCAN:related-cancer-diagnoses>
            <gelCAN:sample-details>
                <gelCAN:source-sample-id>source-sample-id10</gelCAN:source-sample-id>
                <gelCAN:sample-taken-date>2006-05-04T18:13:51.0</gelCAN:sample-taken-date>
                <gelCAN:sample-receipt-date>2006-05-04T18:13:51.0</gelCAN:sample-receipt-date>
            </gelCAN:sample-details>
            <gelCAN:genetic-result>
                <gelCAN:genetic-test-laboratory>research_laboratory</gelCAN:genetic-test-laboratory>
                <gelCAN:test-scope>test-scope4</gelCAN:test-scope>
                <gelCAN:scope-qualifiers>scope-qualifiers4</gelCAN:scope-qualifiers>
                <gelCAN:method-of-test>Sequencing</gelCAN:method-of-test>
                <gelCAN:test-result>Normal</gelCAN:test-result>
                <gelCAN:abnormal-molecular-result>abnormal-molecular-result4</gelCAN:abnormal-molecular-result>
                <gelCAN:genome-build>genome-build4</gelCAN:genome-build>
                <gelCAN:abnormal-cytogenetic-result>abnormal-cytogenetic-result4</gelCAN:abnormal-cytogenetic-result>
            </gelCAN:genetic-result>
            <gelCAN:genetic-result>
                <gelCAN:genetic-test-laboratory>research_laboratory</gelCAN:genetic-test-laboratory>
                <gelCAN:test-scope>test-scope5</gelCAN:test-scope>
                <gelCAN:scope-qualifiers>scope-qualifiers5</gelCAN:scope-qualifiers>
                <gelCAN:method-of-test>Sequencing</gelCAN:method-of-test>
                <gelCAN:test-result>Normal</gelCAN:test-result>
                <gelCAN:abnormal-molecular-result>abnormal-molecular-result5</gelCAN:abnormal-molecular-result>
                <gelCAN:genome-build>genome-build5</gelCAN:genome-build>
                <gelCAN:abnormal-cytogenetic-result>abnormal-cytogenetic-result5</gelCAN:abnormal-cytogenetic-result>
            </gelCAN:genetic-result>
        </gelCAN:genetic-results>
        <gelCAN:genetic-results>
            <gelCAN:event-details>
                <gelCAN:event-date>2006-05-04T18:13:51.0</gelCAN:event-date>
                <gelCAN:event-reference>event-reference17</gelCAN:event-reference>
            </gelCAN:event-details>
            <gelCAN:related-cancer-diagnoses>
                <gelCAN:related-cancer-diagnosis-icd>related-cancer-diagnosis-icd34</gelCAN:related-cancer-diagnosis-icd>
                <gelCAN:related-cancer-diagnosis-icd>related-cancer-diagnosis-icd35</gelCAN:related-cancer-diagnosis-icd>
                <gelCAN:related-cancer-diagnosis-snomedct>related-cancer-diagnosis-snomedct34</gelCAN:related-cancer-diagnosis-snomedct>
                <gelCAN:related-cancer-diagnosis-snomedct>related-cancer-diagnosis-snomedct35</gelCAN:related-cancer-diagnosis-snomedct>
            </gelCAN:related-cancer-diagnoses>
            <gelCAN:sample-details>
                <gelCAN:source-sample-id>source-sample-id11</gelCAN:source-sample-id>
                <gelCAN:sample-taken-date>2006-05-04T18:13:51.0</gelCAN:sample-taken-date>
                <gelCAN:sample-receipt-date>2006-05-04T18:13:51.0</gelCAN:sample-receipt-date>
            </gelCAN:sample-details>
            <gelCAN:genetic-result>
                <gelCAN:genetic-test-laboratory>research_laboratory</gelCAN:genetic-test-laboratory>
                <gelCAN:test-scope>test-scope6</gelCAN:test-scope>
                <gelCAN:scope-qualifiers>scope-qualifiers6</gelCAN:scope-qualifiers>
                <gelCAN:method-of-test>Sequencing</gelCAN:method-of-test>
                <gelCAN:test-result>Normal</gelCAN:test-result>
                <gelCAN:abnormal-molecular-result>abnormal-molecular-result6</gelCAN:abnormal-molecular-result>
                <gelCAN:genome-build>genome-build6</gelCAN:genome-build>
                <gelCAN:abnormal-cytogenetic-result>abnormal-cytogenetic-result6</gelCAN:abnormal-cytogenetic-result>
            </gelCAN:genetic-result>
            <gelCAN:genetic-result>
                <gelCAN:genetic-test-laboratory>research_laboratory</gelCAN:genetic-test-laboratory>
                <gelCAN:test-scope>test-scope7</gelCAN:test-scope>
                <gelCAN:scope-qualifiers>scope-qualifiers7</gelCAN:scope-qualifiers>
                <gelCAN:method-of-test>Sequencing</gelCAN:method-of-test>
                <gelCAN:test-result>Normal</gelCAN:test-result>
                <gelCAN:abnormal-molecular-result>abnormal-molecular-result7</gelCAN:abnormal-molecular-result>
                <gelCAN:genome-build>genome-build7</gelCAN:genome-build>
                <gelCAN:abnormal-cytogenetic-result>abnormal-cytogenetic-result7</gelCAN:abnormal-cytogenetic-result>
            </gelCAN:genetic-result>
        </gelCAN:genetic-results>
        <gelCAN:next-generation-sequencing>
            <gelCAN:event-details>
                <gelCAN:event-date>2006-05-04T18:13:51.0</gelCAN:event-date>
                <gelCAN:event-reference>event-reference18</gelCAN:event-reference>
            </gelCAN:event-details>
            <gelCAN:related-cancer-diagnoses>
                <gelCAN:related-cancer-diagnosis-icd>related-cancer-diagnosis-icd36</gelCAN:related-cancer-diagnosis-icd>
                <gelCAN:related-cancer-diagnosis-icd>related-cancer-diagnosis-icd37</gelCAN:related-cancer-diagnosis-icd>
                <gelCAN:related-cancer-diagnosis-snomedct>related-cancer-diagnosis-snomedct36</gelCAN:related-cancer-diagnosis-snomedct>
                <gelCAN:related-cancer-diagnosis-snomedct>related-cancer-diagnosis-snomedct37</gelCAN:related-cancer-diagnosis-snomedct>
            </gelCAN:related-cancer-diagnoses>
            <gelCAN:sample-details>
                <gelCAN:source-sample-id>source-sample-id12</gelCAN:source-sample-id>
                <gelCAN:sample-taken-date>2006-05-04T18:13:51.0</gelCAN:sample-taken-date>
                <gelCAN:sample-receipt-date>2006-05-04T18:13:51.0</gelCAN:sample-receipt-date>
            </gelCAN:sample-details>
            <gelCAN:sequence-report>sequence-report2</gelCAN:sequence-report>
            <gelCAN:sequence-file>sequence-file2</gelCAN:sequence-file>
            <gelCAN:comments>comments2</gelCAN:comments>
        </gelCAN:next-generation-sequencing>
        <gelCAN:next-generation-sequencing>
            <gelCAN:event-details>
                <gelCAN:event-date>2006-05-04T18:13:51.0</gelCAN:event-date>
                <gelCAN:event-reference>event-reference19</gelCAN:event-reference>
            </gelCAN:event-details>
            <gelCAN:related-cancer-diagnoses>
                <gelCAN:related-cancer-diagnosis-icd>related-cancer-diagnosis-icd38</gelCAN:related-cancer-diagnosis-icd>
                <gelCAN:related-cancer-diagnosis-icd>related-cancer-diagnosis-icd39</gelCAN:related-cancer-diagnosis-icd>
                <gelCAN:related-cancer-diagnosis-snomedct>related-cancer-diagnosis-snomedct38</gelCAN:related-cancer-diagnosis-snomedct>
                <gelCAN:related-cancer-diagnosis-snomedct>related-cancer-diagnosis-snomedct39</gelCAN:related-cancer-diagnosis-snomedct>
            </gelCAN:related-cancer-diagnoses>
            <gelCAN:sample-details>
                <gelCAN:source-sample-id>source-sample-id13</gelCAN:source-sample-id>
                <gelCAN:sample-taken-date>2006-05-04T18:13:51.0</gelCAN:sample-taken-date>
                <gelCAN:sample-receipt-date>2006-05-04T18:13:51.0</gelCAN:sample-receipt-date>
            </gelCAN:sample-details>
            <gelCAN:sequence-report>sequence-report3</gelCAN:sequence-report>
            <gelCAN:sequence-file>sequence-file3</gelCAN:sequence-file>
            <gelCAN:comments>comments3</gelCAN:comments>
        </gelCAN:next-generation-sequencing>
        <gelCAN:circulating-tumour-markers>
            <gelCAN:event-details>
                <gelCAN:event-date>2006-05-04T18:13:51.0</gelCAN:event-date>
                <gelCAN:event-reference>event-reference20</gelCAN:event-reference>
            </gelCAN:event-details>
            <gelCAN:related-cancer-diagnoses>
                <gelCAN:related-cancer-diagnosis-icd>related-cancer-diagnosis-icd40</gelCAN:related-cancer-diagnosis-icd>
                <gelCAN:related-cancer-diagnosis-icd>related-cancer-diagnosis-icd41</gelCAN:related-cancer-diagnosis-icd>
                <gelCAN:related-cancer-diagnosis-snomedct>related-cancer-diagnosis-snomedct40</gelCAN:related-cancer-diagnosis-snomedct>
                <gelCAN:related-cancer-diagnosis-snomedct>related-cancer-diagnosis-snomedct41</gelCAN:related-cancer-diagnosis-snomedct>
            </gelCAN:related-cancer-diagnoses>
            <gelCAN:sample-details>
                <gelCAN:source-sample-id>source-sample-id14</gelCAN:source-sample-id>
                <gelCAN:sample-taken-date>2006-05-04T18:13:51.0</gelCAN:sample-taken-date>
                <gelCAN:sample-receipt-date>2006-05-04T18:13:51.0</gelCAN:sample-receipt-date>
            </gelCAN:sample-details>
            <gelCAN:circulating-tumour-markers-details>
                <gelCAN:circulating-ovarian-tumour-markers>
                    <gelCAN:ca125>0</gelCAN:ca125>
                </gelCAN:circulating-ovarian-tumour-markers>
            </gelCAN:circulating-tumour-markers-details>
        </gelCAN:circulating-tumour-markers>
        <gelCAN:circulating-tumour-markers>
            <gelCAN:event-details>
                <gelCAN:event-date>2006-05-04T18:13:51.0</gelCAN:event-date>
                <gelCAN:event-reference>event-reference21</gelCAN:event-reference>
            </gelCAN:event-details>
            <gelCAN:related-cancer-diagnoses>
                <gelCAN:related-cancer-diagnosis-icd>related-cancer-diagnosis-icd42</gelCAN:related-cancer-diagnosis-icd>
                <gelCAN:related-cancer-diagnosis-icd>related-cancer-diagnosis-icd43</gelCAN:related-cancer-diagnosis-icd>
                <gelCAN:related-cancer-diagnosis-snomedct>related-cancer-diagnosis-snomedct42</gelCAN:related-cancer-diagnosis-snomedct>
                <gelCAN:related-cancer-diagnosis-snomedct>related-cancer-diagnosis-snomedct43</gelCAN:related-cancer-diagnosis-snomedct>
            </gelCAN:related-cancer-diagnoses>
            <gelCAN:sample-details>
                <gelCAN:source-sample-id>source-sample-id15</gelCAN:source-sample-id>
                <gelCAN:sample-taken-date>2006-05-04T18:13:51.0</gelCAN:sample-taken-date>
                <gelCAN:sample-receipt-date>2006-05-04T18:13:51.0</gelCAN:sample-receipt-date>
            </gelCAN:sample-details>
            <gelCAN:circulating-tumour-markers-details>
                <gelCAN:circulating-prostate-tumour-markers>
                    <gelCAN:psa>0</gelCAN:psa>
                </gelCAN:circulating-prostate-tumour-markers>
            </gelCAN:circulating-tumour-markers-details>
        </gelCAN:circulating-tumour-markers>
        <gelCAN:investigation-report-other>
            <gelCAN:event-details>
                <gelCAN:event-date>2006-05-04T18:13:51.0</gelCAN:event-date>
                <gelCAN:event-reference>event-reference22</gelCAN:event-reference>
            </gelCAN:event-details>
            <gelCAN:related-cancer-diagnoses>
                <gelCAN:related-cancer-diagnosis-icd>related-cancer-diagnosis-icd44</gelCAN:related-cancer-diagnosis-icd>
                <gelCAN:related-cancer-diagnosis-icd>related-cancer-diagnosis-icd45</gelCAN:related-cancer-diagnosis-icd>
                <gelCAN:related-cancer-diagnosis-snomedct>related-cancer-diagnosis-snomedct44</gelCAN:related-cancer-diagnosis-snomedct>
                <gelCAN:related-cancer-diagnosis-snomedct>related-cancer-diagnosis-snomedct45</gelCAN:related-cancer-diagnosis-snomedct>
            </gelCAN:related-cancer-diagnoses>
            <gelCAN:report-attribute>
                <gelCAN:standard>standard4</gelCAN:standard>
                <gelCAN:code>code4</gelCAN:code>
                <gelCAN:name>name4</gelCAN:name>
                <gelCAN:value>value4</gelCAN:value>
                <gelCAN:datetime>2006-05-04T18:13:51.0</gelCAN:datetime>
                <gelCAN:upper-range>upper-range4</gelCAN:upper-range>
                <gelCAN:lower-range>lower-range4</gelCAN:lower-range>
                <gelCAN:report>ZGVmYXVsdA==</gelCAN:report>
                <gelCAN:unit-of-measure>35</gelCAN:unit-of-measure>
            </gelCAN:report-attribute>
            <gelCAN:report-attribute>
                <gelCAN:standard>standard5</gelCAN:standard>
                <gelCAN:code>code5</gelCAN:code>
                <gelCAN:name>name5</gelCAN:name>
                <gelCAN:value>value5</gelCAN:value>
                <gelCAN:datetime>2006-05-04T18:13:51.0</gelCAN:datetime>
                <gelCAN:upper-range>upper-range5</gelCAN:upper-range>
                <gelCAN:lower-range>lower-range5</gelCAN:lower-range>
                <gelCAN:report>ZGVmYXVsdA==</gelCAN:report>
                <gelCAN:unit-of-measure>35</gelCAN:unit-of-measure>
            </gelCAN:report-attribute>
            <gelCAN:report-name>report-name2</gelCAN:report-name>
            <gelCAN:report-code>report-code2</gelCAN:report-code>
            <gelCAN:reporting-standard>reporting-standard2</gelCAN:reporting-standard>
        </gelCAN:investigation-report-other>
        <gelCAN:investigation-report-other>
            <gelCAN:event-details>
                <gelCAN:event-date>2006-05-04T18:13:51.0</gelCAN:event-date>
                <gelCAN:event-reference>event-reference23</gelCAN:event-reference>
            </gelCAN:event-details>
            <gelCAN:related-cancer-diagnoses>
                <gelCAN:related-cancer-diagnosis-icd>related-cancer-diagnosis-icd46</gelCAN:related-cancer-diagnosis-icd>
                <gelCAN:related-cancer-diagnosis-icd>related-cancer-diagnosis-icd47</gelCAN:related-cancer-diagnosis-icd>
                <gelCAN:related-cancer-diagnosis-snomedct>related-cancer-diagnosis-snomedct46</gelCAN:related-cancer-diagnosis-snomedct>
                <gelCAN:related-cancer-diagnosis-snomedct>related-cancer-diagnosis-snomedct47</gelCAN:related-cancer-diagnosis-snomedct>
            </gelCAN:related-cancer-diagnoses>
            <gelCAN:report-attribute>
                <gelCAN:standard>standard6</gelCAN:standard>
                <gelCAN:code>code6</gelCAN:code>
                <gelCAN:name>name6</gelCAN:name>
                <gelCAN:value>value6</gelCAN:value>
                <gelCAN:datetime>2006-05-04T18:13:51.0</gelCAN:datetime>
                <gelCAN:upper-range>upper-range6</gelCAN:upper-range>
                <gelCAN:lower-range>lower-range6</gelCAN:lower-range>
                <gelCAN:report>ZGVmYXVsdA==</gelCAN:report>
                <gelCAN:unit-of-measure>35</gelCAN:unit-of-measure>
            </gelCAN:report-attribute>
            <gelCAN:report-attribute>
                <gelCAN:standard>standard7</gelCAN:standard>
                <gelCAN:code>code7</gelCAN:code>
                <gelCAN:name>name7</gelCAN:name>
                <gelCAN:value>value7</gelCAN:value>
                <gelCAN:datetime>2006-05-04T18:13:51.0</gelCAN:datetime>
                <gelCAN:upper-range>upper-range7</gelCAN:upper-range>
                <gelCAN:lower-range>lower-range7</gelCAN:lower-range>
                <gelCAN:report>ZGVmYXVsdA==</gelCAN:report>
                <gelCAN:unit-of-measure>35</gelCAN:unit-of-measure>
            </gelCAN:report-attribute>
            <gelCAN:report-name>report-name3</gelCAN:report-name>
            <gelCAN:report-code>report-code3</gelCAN:report-code>
            <gelCAN:reporting-standard>reporting-standard3</gelCAN:reporting-standard>
        </gelCAN:investigation-report-other>
    </gelCAN:subject>
</gelCAN:investigations>
