<?xml version="1.0" encoding="UTF-8"?>
<gelCAN:registration-and-consents xmlns:vc="http://www.w3.org/2007/XMLSchema-versioning"
 xmlns:gelCAN="https://genomicsengland.co.uk/xsd/cancer/2.0.0"
 xmlns:xsi="http://www.w3.org/2001/XMLSchema-instance"
 xsi:schemaLocation="https://genomicsengland.co.uk/xsd/cancer/2.0.0 file:/Users/genomicsengland/Documents/Cancer/MainProgrammeCancer/Cancer%20Schemas%20v2.0.0%20FINAL/RegistrationAndConsentsCancer-v2.0.0.xsd">
    <gelCAN:metadata>
        <gelCAN:schema-name>RegistrationAndConsentsCancer</gelCAN:schema-name>
        <gelCAN:schema-version>2.0.0</gelCAN:schema-version>
        <gelCAN:date>2006-05-04</gelCAN:date>
        <gelCAN:source-organisation>source-organisation0</gelCAN:source-organisation>
        <gelCAN:source-system>source-system0</gelCAN:source-system>
        <gelCAN:local-report-id>local-report-id0</gelCAN:local-report-id>
    </gelCAN:metadata>
    <gelCAN:subject>
        <gelCAN:participant-identifiers>
            <gelCAN:participant-id>participant-id0</gelCAN:participant-id>
            <gelCAN:date-of-birth>2006-05-04</gelCAN:date-of-birth>
            <gelCAN:nhs-number>0000000000</gelCAN:nhs-number>
            <gelCAN:chi-number>chi-number0</gelCAN:chi-number>
            <gelCAN:surname>surname0</gelCAN:surname>
            <gelCAN:forenames>forenames0</gelCAN:forenames>
        </gelCAN:participant-identifiers>
        <gelCAN:registration>
            <gelCAN:event-details>
                <gelCAN:event-date>2006-05-04T18:13:51.0</gelCAN:event-date>
                <gelCAN:event-reference>event-reference0</gelCAN:event-reference>
            </gelCAN:event-details>
            <gelCAN:participant-contact-details>
                <gelCAN:participant-email-address>.@0.00</gelCAN:participant-email-address>
                <gelCAN:participant-home-telephone>participant-home-telephone0</gelCAN:participant-home-telephone>
                <gelCAN:participant-mobile-telephone>participant-mobile-telephone0</gelCAN:participant-mobile-telephone>
                <gelCAN:address-line-1>address-line-10</gelCAN:address-line-1>
                <gelCAN:address-line-2>address-line-20</gelCAN:address-line-2>
                <gelCAN:address-line-3>address-line-30</gelCAN:address-line-3>
                <gelCAN:address-line-4>address-line-40</gelCAN:address-line-4>
                <gelCAN:address-line-5>address-line-50</gelCAN:address-line-5>
                <gelCAN:postcode>GIR0AA</gelCAN:postcode>
            </gelCAN:participant-contact-details>
            <gelCAN:family-history>
                <gelCAN:mothers-ethnic-origin>D</gelCAN:mothers-ethnic-origin>
                <gelCAN:mothers-ethnic-origin-other>mothers-ethnic-origin-other0</gelCAN:mothers-ethnic-origin-other>
                <gelCAN:mothers-other-relevant-ancestry>mothers-other-relevant-ancestry0</gelCAN:mothers-other-relevant-ancestry>
                <gelCAN:fathers-ethnic-origin>D</gelCAN:fathers-ethnic-origin>
                <gelCAN:fathers-ethnic-origin-other>fathers-ethnic-origin-other0</gelCAN:fathers-ethnic-origin-other>
                <gelCAN:fathers-other-relevant-ancestry>fathers-other-relevant-ancestry0</gelCAN:fathers-other-relevant-ancestry>
                <gelCAN:maternal-family-history-of-breast-and-or-ovarian-cancer>yes</gelCAN:maternal-family-history-of-breast-and-or-ovarian-cancer>
                <gelCAN:maternal-family-history-of-colorectal-cancer>yes</gelCAN:maternal-family-history-of-colorectal-cancer>
                <gelCAN:maternal-family-history-of-ischaemic-heart-disease-or-stroke>yes</gelCAN:maternal-family-history-of-ischaemic-heart-disease-or-stroke>
                <gelCAN:maternal-family-history-of-endocrine-tumours>yes</gelCAN:maternal-family-history-of-endocrine-tumours>
                <gelCAN:other-relevant-maternal-family-history>other-relevant-maternal-family-history0</gelCAN:other-relevant-maternal-family-history>
                <gelCAN:paternal-family-history-of-breast-and-or-ovarian-cancer>yes</gelCAN:paternal-family-history-of-breast-and-or-ovarian-cancer>
                <gelCAN:paternal-family-history-of-colorectal-cancer>yes</gelCAN:paternal-family-history-of-colorectal-cancer>
                <gelCAN:paternal-family-history-of-ischaemic-heart-disease-or-stroke>yes</gelCAN:paternal-family-history-of-ischaemic-heart-disease-or-stroke>
                <gelCAN:paternal-family-history-of-endocrine-tumours>yes</gelCAN:paternal-family-history-of-endocrine-tumours>
                <gelCAN:other-relevant-paternal-family-history>other-relevant-paternal-family-history0</gelCAN:other-relevant-paternal-family-history>
            </gelCAN:family-history>
            <gelCAN:disease-information-tumour-sample>
                <gelCAN:disease-type-registration>Adult Glioma</gelCAN:disease-type-registration>
                <gelCAN:disease-subtype-registration>acral_lentiginous</gelCAN:disease-subtype-registration>
                <gelCAN:disease-subtype-registration>acral_lentiginous</gelCAN:disease-subtype-registration>
            </gelCAN:disease-information-tumour-sample>
            <gelCAN:surname-at-birth>surname-at-birth0</gelCAN:surname-at-birth>
            <gelCAN:person-stated-gender>2</gelCAN:person-stated-gender>
            <gelCAN:person-phenotypic-sex>2</gelCAN:person-phenotypic-sex>
            <gelCAN:ethnicity>D</gelCAN:ethnicity>
            <gelCAN:genomic-medicine-centre-id>genomic-medicine-centre-id0</gelCAN:genomic-medicine-centre-id>
        </gelCAN:registration>
        <gelCAN:referral>
            <gelCAN:event-details>
                <gelCAN:event-date>2006-05-04T18:13:51.0</gelCAN:event-date>
                <gelCAN:event-reference>event-reference1</gelCAN:event-reference>
            </gelCAN:event-details>
            <gelCAN:consultant-details>
                <gelCAN:full-name-of-responsible-consultant>full-name-of-responsible-consultant0</gelCAN:full-name-of-responsible-consultant>
                <gelCAN:consultant-gmc-number>consultant-gmc-number0</gelCAN:consultant-gmc-number>
                <gelCAN:full-name-not-consultant>full-name-not-consultant0</gelCAN:full-name-not-consultant>
                <gelCAN:contact-number>contact-number0</gelCAN:contact-number>
                <gelCAN:hospital-of-responsible-consultant>hospital-of-responsible-consultant0</gelCAN:hospital-of-responsible-consultant>
            </gelCAN:consultant-details>
            <gelCAN:date-first-seen>2006-05-04</gelCAN:date-first-seen>
            <gelCAN:presentation>abdominal_symptoms</gelCAN:presentation>
            <gelCAN:presentation>abdominal_symptoms</gelCAN:presentation>
        </gelCAN:referral>
        <gelCAN:consent>
            <gelCAN:event-details>
                <gelCAN:event-date>2006-05-04T18:13:51.0</gelCAN:event-date>
                <gelCAN:event-reference>event-reference2</gelCAN:event-reference>
            </gelCAN:event-details>
            <gelCAN:consent-details>
                <gelCAN:consent-question>consent-question0</gelCAN:consent-question>
                <gelCAN:consent-response>yes</gelCAN:consent-response>
            </gelCAN:consent-details>
            <gelCAN:consent-details>
                <gelCAN:consent-question>consent-question1</gelCAN:consent-question>
                <gelCAN:consent-response>yes</gelCAN:consent-response>
            </gelCAN:consent-details>
            <gelCAN:date-of-consent>2006-05-04</gelCAN:date-of-consent>
            <gelCAN:name-and-version-of-consent-form>name-and-version-of-consent-form0</gelCAN:name-and-version-of-consent-form>
            <gelCAN:consent-given>yes</gelCAN:consent-given>
            <gelCAN:consent-form>consent-form0</gelCAN:consent-form>
            <gelCAN:person-taking-consent>person-taking-consent0</gelCAN:person-taking-consent>
            <gelCAN:name-and-version-of-participant-information-sheet>name-and-version-of-participant-information-sheet0</gelCAN:name-and-version-of-participant-information-sheet>
        </gelCAN:consent>
    </gelCAN:subject>
    <gelCAN:subject>
        <gelCAN:participant-identifiers>
            <gelCAN:participant-id>participant-id1</gelCAN:participant-id>
            <gelCAN:date-of-birth>2006-05-04</gelCAN:date-of-birth>
            <gelCAN:nhs-number>0000000000</gelCAN:nhs-number>
            <gelCAN:chi-number>chi-number1</gelCAN:chi-number>
            <gelCAN:surname>surname1</gelCAN:surname>
            <gelCAN:forenames>forenames1</gelCAN:forenames>
        </gelCAN:participant-identifiers>
        <gelCAN:registration>
            <gelCAN:event-details>
                <gelCAN:event-date>2006-05-04T18:13:51.0</gelCAN:event-date>
                <gelCAN:event-reference>event-reference3</gelCAN:event-reference>
            </gelCAN:event-details>
            <gelCAN:participant-contact-details>
                <gelCAN:participant-email-address>.@0.00</gelCAN:participant-email-address>
                <gelCAN:participant-home-telephone>participant-home-telephone1</gelCAN:participant-home-telephone>
                <gelCAN:participant-mobile-telephone>participant-mobile-telephone1</gelCAN:participant-mobile-telephone>
                <gelCAN:address-line-1>address-line-11</gelCAN:address-line-1>
                <gelCAN:address-line-2>address-line-21</gelCAN:address-line-2>
                <gelCAN:address-line-3>address-line-31</gelCAN:address-line-3>
                <gelCAN:address-line-4>address-line-41</gelCAN:address-line-4>
                <gelCAN:address-line-5>address-line-51</gelCAN:address-line-5>
                <gelCAN:postcode>GIR0AA</gelCAN:postcode>
            </gelCAN:participant-contact-details>
            <gelCAN:family-history>
                <gelCAN:mothers-ethnic-origin>D</gelCAN:mothers-ethnic-origin>
                <gelCAN:mothers-ethnic-origin-other>mothers-ethnic-origin-other1</gelCAN:mothers-ethnic-origin-other>
                <gelCAN:mothers-other-relevant-ancestry>mothers-other-relevant-ancestry1</gelCAN:mothers-other-relevant-ancestry>
                <gelCAN:fathers-ethnic-origin>D</gelCAN:fathers-ethnic-origin>
                <gelCAN:fathers-ethnic-origin-other>fathers-ethnic-origin-other1</gelCAN:fathers-ethnic-origin-other>
                <gelCAN:fathers-other-relevant-ancestry>fathers-other-relevant-ancestry1</gelCAN:fathers-other-relevant-ancestry>
                <gelCAN:maternal-family-history-of-breast-and-or-ovarian-cancer>yes</gelCAN:maternal-family-history-of-breast-and-or-ovarian-cancer>
                <gelCAN:maternal-family-history-of-colorectal-cancer>yes</gelCAN:maternal-family-history-of-colorectal-cancer>
                <gelCAN:maternal-family-history-of-ischaemic-heart-disease-or-stroke>yes</gelCAN:maternal-family-history-of-ischaemic-heart-disease-or-stroke>
                <gelCAN:maternal-family-history-of-endocrine-tumours>yes</gelCAN:maternal-family-history-of-endocrine-tumours>
                <gelCAN:other-relevant-maternal-family-history>other-relevant-maternal-family-history1</gelCAN:other-relevant-maternal-family-history>
                <gelCAN:paternal-family-history-of-breast-and-or-ovarian-cancer>yes</gelCAN:paternal-family-history-of-breast-and-or-ovarian-cancer>
                <gelCAN:paternal-family-history-of-colorectal-cancer>yes</gelCAN:paternal-family-history-of-colorectal-cancer>
                <gelCAN:paternal-family-history-of-ischaemic-heart-disease-or-stroke>yes</gelCAN:paternal-family-history-of-ischaemic-heart-disease-or-stroke>
                <gelCAN:paternal-family-history-of-endocrine-tumours>yes</gelCAN:paternal-family-history-of-endocrine-tumours>
                <gelCAN:other-relevant-paternal-family-history>other-relevant-paternal-family-history1</gelCAN:other-relevant-paternal-family-history>
            </gelCAN:family-history>
            <gelCAN:disease-information-tumour-sample>
                <gelCAN:disease-type-registration>Adult Glioma</gelCAN:disease-type-registration>
                <gelCAN:disease-subtype-registration>acral_lentiginous</gelCAN:disease-subtype-registration>
                <gelCAN:disease-subtype-registration>acral_lentiginous</gelCAN:disease-subtype-registration>
            </gelCAN:disease-information-tumour-sample>
            <gelCAN:surname-at-birth>surname-at-birth1</gelCAN:surname-at-birth>
            <gelCAN:person-stated-gender>2</gelCAN:person-stated-gender>
            <gelCAN:person-phenotypic-sex>2</gelCAN:person-phenotypic-sex>
            <gelCAN:ethnicity>D</gelCAN:ethnicity>
            <gelCAN:genomic-medicine-centre-id>genomic-medicine-centre-id1</gelCAN:genomic-medicine-centre-id>
        </gelCAN:registration>
        <gelCAN:referral>
            <gelCAN:event-details>
                <gelCAN:event-date>2006-05-04T18:13:51.0</gelCAN:event-date>
                <gelCAN:event-reference>event-reference4</gelCAN:event-reference>
            </gelCAN:event-details>
            <gelCAN:consultant-details>
                <gelCAN:full-name-of-responsible-consultant>full-name-of-responsible-consultant1</gelCAN:full-name-of-responsible-consultant>
                <gelCAN:consultant-gmc-number>consultant-gmc-number1</gelCAN:consultant-gmc-number>
                <gelCAN:full-name-not-consultant>full-name-not-consultant1</gelCAN:full-name-not-consultant>
                <gelCAN:contact-number>contact-number1</gelCAN:contact-number>
                <gelCAN:hospital-of-responsible-consultant>hospital-of-responsible-consultant1</gelCAN:hospital-of-responsible-consultant>
            </gelCAN:consultant-details>
            <gelCAN:date-first-seen>2006-05-04</gelCAN:date-first-seen>
            <gelCAN:presentation>abdominal_symptoms</gelCAN:presentation>
            <gelCAN:presentation>abdominal_symptoms</gelCAN:presentation>
        </gelCAN:referral>
        <gelCAN:consent>
            <gelCAN:event-details>
                <gelCAN:event-date>2006-05-04T18:13:51.0</gelCAN:event-date>
                <gelCAN:event-reference>event-reference5</gelCAN:event-reference>
            </gelCAN:event-details>
            <gelCAN:consent-details>
                <gelCAN:consent-question>consent-question2</gelCAN:consent-question>
                <gelCAN:consent-response>yes</gelCAN:consent-response>
            </gelCAN:consent-details>
            <gelCAN:consent-details>
                <gelCAN:consent-question>consent-question3</gelCAN:consent-question>
                <gelCAN:consent-response>yes</gelCAN:consent-response>
            </gelCAN:consent-details>
            <gelCAN:date-of-consent>2006-05-04</gelCAN:date-of-consent>
            <gelCAN:name-and-version-of-consent-form>name-and-version-of-consent-form1</gelCAN:name-and-version-of-consent-form>
            <gelCAN:consent-given>yes</gelCAN:consent-given>
            <gelCAN:consent-form>consent-form1</gelCAN:consent-form>
            <gelCAN:person-taking-consent>person-taking-consent1</gelCAN:person-taking-consent>
            <gelCAN:name-and-version-of-participant-information-sheet>name-and-version-of-participant-information-sheet1</gelCAN:name-and-version-of-participant-information-sheet>
        </gelCAN:consent>
    </gelCAN:subject>
</gelCAN:registration-and-consents>
