<?xml version="1.0" encoding="UTF-8"?>
<gelCAN:disease-information-updates xmlns:html="http://www.w3.org/1999/xhtml"
 xmlns:vc="http://www.w3.org/2007/XMLSchema-versioning"
 xmlns:gelCAN="https://genomicsengland.co.uk/xsd/cancer/3.2.0"
 xmlns:xsi="http://www.w3.org/2001/XMLSchema-instance">
    <gelCAN:metadata>
        <gelCAN:schema-name>DiseaseInformationUpdatesCancer</gelCAN:schema-name>
        <gelCAN:schema-version>3.2.0</gelCAN:schema-version>
        <gelCAN:date-time>2006-05-04T18:13:51.0</gelCAN:date-time>
        <gelCAN:source-organisation>source-organisation0</gelCAN:source-organisation>
    </gelCAN:metadata>
    <gelCAN:subject>
        <gelCAN:participant-identifiers>
            <gelCAN:person-identifier>
                <gelCAN:health-and-care-number>0000000000</gelCAN:health-and-care-number>
            </gelCAN:person-identifier>
            <gelCAN:participant-id>900000017</gelCAN:participant-id>
            <gelCAN:date-of-birth>2006-05-04</gelCAN:date-of-birth>
            <gelCAN:surname>bloggs</gelCAN:surname>
            <gelCAN:forenames>joanna</gelCAN:forenames>
        </gelCAN:participant-identifiers>
        <gelCAN:disease-information-update-tumour-sample>
            <gelCAN:event-details>
                <gelCAN:event-date>2006-05-04T18:13:51.0</gelCAN:event-date>
                <gelCAN:event-reference>event-reasdadsaadsference0</gelCAN:event-reference>
            </gelCAN:event-details>
            <gelCAN:disease-type>lung</gelCAN:disease-type>
            <gelCAN:disease-subtype>adenocarcinoma</gelCAN:disease-subtype>
            <gelCAN:disease-subtype>large_cell</gelCAN:disease-subtype>
            <gelCAN:tumour-id>R01_0123</gelCAN:tumour-id>
        </gelCAN:disease-information-update-tumour-sample>
    </gelCAN:subject>
    </gelCAN:disease-information-updates>
