<?xml version="1.0" encoding="UTF-8"?>
<gelCAN:diagnoses xmlns:html="http://www.w3.org/1999/xhtml"
    xmlns:vc="http://www.w3.org/2007/XMLSchema-versioning"
    xmlns:gelCAN="https://genomicsengland.co.uk/xsd/cancer/3.2.0"
    xmlns:xsi="http://www.w3.org/2001/XMLSchema-instance">
    <gelCAN:metadata>
        <gelCAN:schema-name>DiagnosesCancer</gelCAN:schema-name>
        <gelCAN:schema-version>3.2.0</gelCAN:schema-version>
        <gelCAN:date-time>1980-05-04T18:13:51.0</gelCAN:date-time>
        <gelCAN:source-organisation>source-organisation0</gelCAN:source-organisation>
        <gelCAN:source-system>source-system0</gelCAN:source-system>
        <gelCAN:local-report-id>local-report-id0</gelCAN:local-report-id>
    </gelCAN:metadata>
    <gelCAN:subject>
        <gelCAN:participant-identifiers>
            <gelCAN:person-identifier>
                <gelCAN:health-and-care-number>0000000000</gelCAN:health-and-care-number>
            </gelCAN:person-identifier>
            <gelCAN:participant-id>900000017</gelCAN:participant-id>
            <gelCAN:date-of-birth>2006-05-04</gelCAN:date-of-birth>
            <gelCAN:surname>bloggs</gelCAN:surname>
            <gelCAN:forenames>joanna</gelCAN:forenames>
        </gelCAN:participant-identifiers>
        <gelCAN:diagnosis>
            <gelCAN:event-details>
                <gelCAN:event-date>2006-05-04T18:13:51.0</gelCAN:event-date>
                <gelCAN:event-reference>event-asdfadfsfdaskhafsdjkhj</gelCAN:event-reference>
            </gelCAN:event-details>
            <gelCAN:morphology>
                <gelCAN:morphology-snomedrt>M81403</gelCAN:morphology-snomedrt>
            </gelCAN:morphology>
            <gelCAN:topography>
                <gelCAN:topography-snomedrt>T40000</gelCAN:topography-snomedrt>
            </gelCAN:topography>
            <gelCAN:integrated-tnm>
                <gelCAN:tnm-details>
                    <gelCAN:tnm-stage-grouping-integrated>2A2</gelCAN:tnm-stage-grouping-integrated>
                </gelCAN:tnm-details>
                <gelCAN:integrated-tnm-version>7</gelCAN:integrated-tnm-version>
            </gelCAN:integrated-tnm>
            <gelCAN:diagnosis-icd>C50.1</gelCAN:diagnosis-icd>
            <gelCAN:diagnosis-snomed-ct>373176000</gelCAN:diagnosis-snomed-ct>
            <gelCAN:diagnosis-snomed-ct>373176001</gelCAN:diagnosis-snomed-ct>
            <gelCAN:recurrence-indicator>NN</gelCAN:recurrence-indicator>
            <gelCAN:basis-of-diagnosis>7</gelCAN:basis-of-diagnosis>
            <gelCAN:tumour-laterality>L</gelCAN:tumour-laterality>
            <gelCAN:grade-of-differentiation-at-diagnosis>G3</gelCAN:grade-of-differentiation-at-diagnosis>
            <gelCAN:tumour-id>DEMO_655626585</gelCAN:tumour-id>
        </gelCAN:diagnosis>
    </gelCAN:subject>
</gelCAN:diagnoses>
